metaphone,word,translation
ADERR,adherir,adhere
ADKRR,adquirir,acquire
ADKSZN,adquisición,acquisition
ADLSZN,adolescencia,adolescence
ADLT,adulto,adult
ADMNST,administración,administration
ADMNST,administrador,administrator
ADMNST,administrativo,administrative
ADMRR,admirar,admire
ADMRVL,admirable,admirable
ADMRZN,admiración,admiration
ADMTR,admitir,admit
ADNZ,audiencia,audience
ADPTR,adaptar,adapt
ADPTR,adoptar,adopt
ADPTZN,adaptación,adaptation
ADPZN,adopción,adoption
ADRN,adorno,ornament
ADRR,adorar,adore
ADVRSR,adversario,adversary
ADZNL,adicional,additional
AFKT,afecto,affection
AFKTR,afectar,affect
AFRKN,africano,African
AFRMR,afirmar,affirm
AFRTND,afortunadamente,fortunately
AGRGR,agregar,add
AGRKL,agrícola,agricultural
AGRKLT,agricultura,agriculture
AGRPR,agrupar,group
AGRR,agrario,agrarian
AGRSN,agresión,aggression
AGRSV,agresivo,aggressive
AGST,agosto,August
AJND,agenda,agenda
AJNT,agente,agent
AJNZ,agencia,agency
AJST,ajuste,adjustment
AJSTR,ajustar,adjust
AJTR,agitar,shake
AKDM,academia,academy
AKDMK,académico,academic
AKLRR,aclarar,clarify
AKMDR,acomodar,accommodate
AKMLR,acumular,accumulate
AKMLZN,acumulación,accumulation
AKMPNY,acompañar,accompany
AKRZR,acariciar,caress
AKSD,acusado,accused
AKSR,acusar,accuse
AKSTMV,acostumbrar,accustom
AKSZN,acusación,accusation
AKT,acto,act
AKTR,actor,actor
AKTR,actuar,act
AKTRZ,actriz,actress
AKTTD,actitud,attitude
AKTV,activo,active
AKTVDD,actividad,activity
AKTVR,activar,activate
ALD,aliado,ally
ALDR,aludir,allude
ALKOL,alcohol,alcohol
ALMN,alemán,German
ALNZ,alianza,alliance
ALRM,alarma,alarm
ALRMR,alarmar,alarm
ALSN,alusión,allusion
ALTR,altar,altar
ALTRNR,alternar,alternate
ALTRNT,alternativa,alternative
ALTRNT,alternativo,alternative
ALTRR,alterar,alter
ALTRZN,alteración,alteration
AMNT,amante,lover
AMNZR,amenazar,threaten
AMRKN,americano,American
AMVZN,ambición,ambition
AMVZS,ambicioso,ambitious
ANGL,ángulo,angle
ANGST,angustia,anguish
ANJL,ángel,angel
ANL,anual,annual
ANLSS,análisis,analysis
ANLST,analista,analyst
ANLZR,analizar,analyze
ANML,animal,animal
ANNM,anónimo,anonymous
ANNZ,anuncio,announcement
ANNZR,anunciar,announce
ANSDD,ansiedad,anxiety
ANTN,antena,antenna
ANTUDD,antigüedad,antiquity
ANTZDN,antecedente,antecedent
ANVRSR,aniversario,anniversary
APLDR,aplaudir,applaud
APLKR,aplicar,apply
APLKZN,aplicación,application
APLR,apelar,appeal
APLS,aplauso,applause
APRNTM,aparentemente,apparently
APRNZ,apariencia,appearance
APRPD,apropiado,appropriate
APRTMN,apartamento,apartment
APRTZN,aportación,contribution
APRVR,aprobar,approve
APRVZN,aprobación,approval
APRXMD,aproximadamente,approximately
APRXMR,aproximar,approach
APRZN,aparición,appearance
APRZR,aparecer,appear
APRZR,apreciar,appreciate
APSTL,apóstol,apostle
APTT,apetito,appetite
AR,aire,air
AR,aéreo,aerial
AR,área,area
ARGMNT,argumento,argument
ARJNTN,argentino,Argentine
ARK,arco,arch
ARKLJK,arqueológico,archeological
ARKTKT,arquitecto,architect
ARKTKT,arquitectura,architecture
ARM,aroma,aroma
ARMD,armado,armed
ARMN,armonía,harmony
ARPRT,aeropuerto,airport
ARRGL,arreglo,arrangement
ART,arte,art
ARTFZL,artificial,artificial
ARTKL,artículo,article
ARTKLZ,articulación,joint
ARTSN,artesano,artisan
ARTST,artista,artist
ARTSTK,artístico,artistic
ARV,árabe,Arab
ARVTR,árbitro,referee
ARXV,archivo,file
ASGNTR,asignatura,subject
ASGRR,asegurar,assure
ASLMNT,aislamiento,isolation
ASLR,aislar,isolate
ASLT,asalto,assault
ASLTR,asaltar,assault
ASMR,asumir,assume
ASMVL,asamblea,assembly
ASNZ,ausencia,absence
ASPKT,aspecto,aspect
ASPRR,aspirar,aspire
ASPRZN,aspiración,aspiration
ASTK,asiático,Asian
ASZNDR,ascender,ascend
ASZR,asociar,associate
ASZZN,asociación,association
ATK,ataque,attack
ATKR,atacar,attack
ATLT,atleta,athlete
ATMK,atómico,atomic
ATMSFR,atmósfera,atmosphere
ATMVL,automóvil,automobile
ATNM,autonomía,autonomy
ATNM,autónomo,autonomous
ATNTK,auténtico,authentic
ATNZN,atención,attention
ATR,autor,author
ATRDD,autoridad,authority
ATRKTV,atractivo,attractive
ATRMNT,atormentar,torment
ATRR,atraer,attract
ATRVR,atribuir,attribute
ATRVT,atributo,attribute
ATRXN,atracción,attraction
ATRZR,autorizar,authorize
ATRZZN,autorización,authorization
AVN,avión,airplane
AVND,avenida,avenue
AVNDN,abandono,abandonment
AVNDND,abandonado,abandoned
AVNDNR,abandonar,abandon
AVNDNT,abundante,abundant
AVNDNZ,abundancia,abundance
AVNDR,abundar,abound
AVNTR,aventura,adventure
AVNZ,avance,advance
AVNZR,avanzar,advance
AVRDR,abordar,board
AVRL,abril,April
AVRT,aborto,abortion
AVS,abuso,abuse
AVSLT,absoluto,absolute
AVSLTM,absolutamente,absolutely
AVSM,abismo,abyss
AVSR,abusar,abuse
AVSRD,absurdo,absurd
AVSRVR,absorber,absorb
AVSTRK,abstracto,abstract
AVT,hábito,habit
AVTL,habitual,habitual
AVTNT,habitante,inhabitant
AVTR,habitar,inhabit
AXDNT,accidente,accident
AXDR,acceder,access
AXL,auxilio,aid
AXLR,auxiliar,assistant
AXN,acción,action
AXS,acceso,access
AXSVL,accesible,accessible
AZD,ácido,acid
AZLRR,acelerar,accelerate
AZNT,acento,accent
AZNTR,acentuar,accentuate
AZPTR,aceptar,accept
AZPTZN,aceptación,acceptance
D,día,day
DD,deuda,debt
DDKR,dedicar,dedicate
DDZR,deducir,deduce
DFKLTD,dificultad,difficulty
DFKT,defecto,defect
DFNDR,defender,defend
DFNR,definir,define
DFNSR,defensor,defender
DFNTV,definitivo,definitive
DFNTVM,definitivamente,definitely
DFNZN,definición,definition
DFRNZ,diferencia,difference
DFRNZR,diferenciar,differentiate
DFRR,diferir,differ
DFSN,difusión,diffusion
DFZL,difícil,difficult
DFZT,déficit,deficit
DGNDD,dignidad,dignity
DGNSTK,diagnóstico,diagnosis
DJTL,digital,digital
DK,duque,duke
DKD,década,decade
DKDNZ,decadencia,decadence
DKLRZN,declaración,declaration
DKMNT,documento,document
DKMNTL,documental,documentary
DKMNTZ,documentación,documentation
DKRR,decorar,decorate
DKRT,decreto,decree
DKRZN,decoración,decoration
DKTDR,dictador,dictator
DKTDR,dictadura,dictatorship
DKTR,doctor,doctor
DKTRN,doctrina,doctrine
DL,duelo,duel
DLG,diálogo,dialogue
DLGD,delegado,delegate
DLGZN,delegación,delegation
DLNKNT,delincuente,delinquent
DLR,diluir,dilute
DLR,dólar,dollar
DLZS,delicioso,delicious
DMKRTK,democrático,democratic
DMKRZ,democracia,democracy
DMN,demonio,demon
DMN,dominio,domain
DMND,demanda,demand
DMNR,dominar,dominate
DMNSN,dimensión,dimension
DMSTRR,demostrar,demonstrate
DMSTRZ,demostración,demonstration
DMTR,diámetro,diameter
DMZL,domicilio,domicile
DNMNR,denominar,name
DNR,donar,donate
DNSDD,densidad,density
DNST,dinastía,dynasty
DNZ,danza,dance
DNZN,donación,donation
DPLMTK,diplomático,diplomat
DPNDNZ,dependencia,dependence
DPNDR,depender,depend
DPRSN,depresión,depression
DPRTMN,departamento,department
DPST,depósito,deposit
DPSTR,depositar,deposit
DPTD,diputado,deputy
DR,diario,daily
DRG,droga,drug
DRJNT,dirigente,leader
DRJR,dirigir,direct
DRKT,directo,direct
DRKTR,director,director
DRM,drama,drama
DRMTK,dramático,dramatic
DRMTR,dormitorio,bedroom
DRNT,durante,during
DRRT,derrota,defeat
DRVR,derivar,derive
DRXN,dirección,direction
DRZN,duración,duration
DS,diosa,goddess
DSGLDD,desigualdad,inequality
DSGNR,designar,designate
DSK,disco,disc
DSKRGR,descargar,download
DSKRMN,discriminación,discrimination
DSKRPZ,descripción,description
DSKRVR,describir,describe
DSKSN,discusión,discussion
DSKTR,discutir,discuss
DSKVRR,descubrir,discover
DSLVR,disolver,dissolve
DSMNR,disminuir,diminish
DSMPL,desempleo,unemployment
DSNY,diseño,design
DSNYR,diseñar,design
DSPLGR,desplegar,deploy
DSPLZM,desplazamiento,displacement
DSPRSR,dispersar,disperse
DSPRZN,desaparición,disappearance
DSPRZR,desaparecer,disappear
DSPSZN,disposición,disposition
DSPT,disputa,dispute
DSPTR,disputar,dispute
DSRDN,desorden,disorder
DSRT,desierto,desert
DSS,dosis,dose
DSSTR,desastre,disaster
DSTN,destino,destiny
DSTNGR,distinguir,distinguish
DSTNZ,distancia,distance
DSTNZN,distinción,distinction
DSTRR,destruir,destroy
DSTRT,distrito,district
DSTRVR,distribuir,distribute
DSTRVZ,distribución,distribution
DSTRXN,destrucción,destruction
DSVR,desviar,divert
DSZFRR,descifrar,decipher
DSZNDN,descendiente,descendant
DSZNDR,descender,descend
DSZPL,discípulo,disciple
DSZPLN,disciplina,discipline
DT,dieta,diet
DTKTR,detectar,detect
DTNZN,detención,detention
DTR,datar,date
DTRMND,determinado,determined
DTRMNR,determinar,determine
DTRMNZ,determinación,determination
DTRRR,deteriorar,deteriorate
DTY,detalle,detail
DVDR,dividir,divide
DVL,diablo,devil
DVL,doble,double
DVLTR,debilitar,weaken
DVN,divino,divine
DVRR,devorar,devour
DVRS,diverso,diverse
DVRZ,divorcio,divorce
DVSN,división,division
DVT,debate,debate
DVTR,debatir,debate
DVTS,diabetes,diabetes
DXNR,diccionario,dictionary
DZDR,decidir,decide
DZM,décimo,tenth
DZMVR,diciembre,December
DZN,docena,dozen
DZSN,decisión,decision
DZSV,decisivo,decisive
EDFZ,edificio,building
EDKR,educar,educate
EDKZN,educación,education
EDTR,editar,edit
EDTR,editor,editor
EDZN,edición,edition
EFKT,efecto,effect
EFKTV,efectivo,effective
EFKTVM,efectivamente,effectively
EFKZ,eficacia,efficacy
EFKZ,eficaz,efficient
EJ,eje,axis
EJKTR,ejecutar,execute
EJKZN,ejecución,execution
EJMPL,ejemplo,example
EJMPLR,ejemplar,exemplary
EJRZR,ejercer,exercise
EJRZZ,ejercicio,exercise
EK,eco,echo
EKLVR,equilibrio,balance
EKNMK,económico,economic
EKNMST,economista,economist
EKSSTM,ecosistema,ecosystem
EKTR,hectárea,hectare
EKVLNT,equivalente,equivalent
EKZN,ecuación,equation
ELGNT,elegante,elegant
ELKPTR,helicóptero,helicopter
ELKTRK,eléctrico,electric
ELKTRN,electrón,electron
ELKTRN,electrónico,electronic
ELKTRZ,electricidad,electricity
ELMNR,eliminar,eliminate
ELMNT,elemento,element
ELMNZN,eliminación,removal
ELVR,elevar,elevate
ELVRR,elaborar,elaborate
ELVRZN,elaboración,elaboration
ELXN,elección,election
EMGRR,emigrar,emigrate
EMPL,empleo,job
EMPLD,empleado,employee
EMPLR,emplear,employ
EMPRDR,emperador,emperor
EMSN,emisión,emission
EMTR,emitir,emit
EMVJD,embajada,embassy
EMVJDR,embajador,ambassador
EMVRG,embargo,embargo
EMVRKR,embarcar,board
EMZN,emoción,emotion
EMZNL,emocional,emotional
ENFTZR,enfatizar,emphasize
ENKNTR,encuentro,encounter
ENLZ,enlace,link
ENMG,enemigo,enemy
ENRJ,energía,energy
ENRKZR,enriquecer,enrich
ENRM,enorme,enormous
ENSY,ensayo,essay
ENSYR,ensayar,rehearse
ENTDD,entidad,entity
ENTNR,entonar,intone
ENTRD,entrada,entrance
ENTRR,entrar,enter
ENTRTN,entretener,entertain
ENTRTN,entretenimiento,entertainment
ENTRVS,entrevista,interview
ENTSSM,entusiasmo,enthusiasm
ENVD,envidia,envy
ENVDR,envidiar,envy
EPSD,episodio,episode
ER,euro,euro
ER,héroe,hero
ERDR,heredar,inherit
ERDR,heredero,heir
ERNZ,herencia,inheritance
ERP,europeo,European
ERR,herir,injure
ERRR,error,error
ESFR,esfera,sphere
ESKL,escala,scale
ESKLR,escolar,school
ESKLTR,escultura,sculpture
ESKLV,esclavo,slave
ESKLVT,esclavitud,slavery
ESKM,esquema,scheme
ESKNDL,escándalo,scandal
ESKPR,escapar,escape
ESNZ,esencia,essence
ESPKLZ,especulación,speculation
ESPKTD,espectador,spectator
ESPKTR,espectro,spectrum
ESPLND,esplendor,splendor
ESPNYL,español,Spanish
ESPRT,espíritu,spirit
ESPRTL,espiritual,spiritual
ESPZ,espacio,space
ESPZ,especie,species
ESPZFK,especificar,specify
ESPZFK,específico,specific
ESPZL,especial,special
ESPZLD,especialidad,specialty
ESPZLM,especialmente,especially
ESPZLS,especialista,specialist
ESTD,estadio,stadium
ESTD,estado,state
ESTD,estudio,study
ESTDNT,estudiante,student
ESTDR,estudiar,study
ESTDST,estadística,statistic
ESTDST,estadístico,statistical
ESTL,estilo,style
ESTMG,estómago,stomach
ESTMLR,estimular,stimulate
ESTMR,estimar,estimate
ESTMZN,estimación,estimation
ESTPD,estúpido,stupid
ESTPDZ,estupidez,stupidity
ESTRKT,estricto,strict
ESTRTJ,estrategia,strategy
ESTRTJ,estratégico,strategic
ESTT,estatua,statue
ESTTL,estatal,state
ESTTR,estatura,stature
ESTVL,estable,stable
ESTVLD,estabilidad,stability
ESTVLZ,establecer,establish
ESTZN,estación,station
ESZN,escena,scene
ESZNR,escenario,stage
ETK,ética,ethics
ETK,ético,ethical
ETKT,etiqueta,label
ETRN,eterno,eternal
ETRNDD,eternidad,eternity
EVDNT,evidente,evident
EVDNZ,evidencia,evidence
EVKR,evocar,evoke
EVLZN,evaluación,evaluation
EVLZN,evolución,evolution
EVLZNR,evolucionar,evolve
EVNJL,evangelio,gospel
EXIVR,exhibir,exhibit
EXIVZN,exhibición,exhibition
EXJRR,exagerar,exaggerate
EXKLR,excluir,exclude
EXKRSN,excursión,excursion
EXKS,excusa,excuse
EXKT,exacto,exact
EXKTMN,exactamente,exactly
EXMN,examen,exam
EXMNR,examinar,examine
EXPDZN,expedición,expedition
EXPKTT,expectativa,expectation
EXPLKR,explicar,explain
EXPLKZ,explicación,explanation
EXPLRR,explorar,explore
EXPLSN,explosión,explosion
EXPLSR,expulsar,expel
EXPLTR,explotar,exploit
EXPLTZ,explotación,exploitation
EXPNR,exponer,expose
EXPRMN,experimentar,experience
EXPRMN,experimento,experiment
EXPRNZ,experiencia,experience
EXPRSN,expresión,expression
EXPRSR,expresar,express
EXPRT,experto,expert
EXPRTR,exportar,export
EXPRTZ,exportación,export
EXPSZN,exposición,exposition
EXSTNT,existente,existing
EXSTNZ,existencia,existence
EXSTR,existir,exist
EXTNDR,extender,extend
EXTNGR,extinguir,extinguish
EXTNS,extenso,extensive
EXTNSN,extensión,extension
EXTNZN,extinción,extinction
EXTRM,extremo,extreme
EXTRN,externo,external
EXTRR,exterior,exterior
EXTRR,extraer,extract
EXTRRD,extraordinario,extraordinary
EXZDR,exceder,exceed
EXZLNT,excelente,excellent
EXZLNZ,excelencia,excellence
EXZPT,excepto,except
EXZPZN,excepcional,exceptional
EXZPZN,excepción,exception
EXZSV,excesivo,excessive
FDLDD,fidelidad,fidelity
FDRL,federal,federal
FDRZN,federación,federation
FGR,figura,figure
FKLTD,facultad,faculty
FKTR,factor,factor
FKTR,factura,invoice
FL,fiel,faithful
FLJ,flujo,flow
FLR,flor,flower
FLR,fluir,flow
FLRZR,florecer,flourish
FLS,falso,false
FLSF,filosofía,philosophy
FLSF,filósofo,philosopher
FLSFK,filosófico,philosophical
FLTR,filtro,filter
FLTR,flotar,float
FLTRR,filtrar,filter
FLXVL,flexible,flexible
FM,fama,fame
FML,familia,family
FMNN,femenino,feminine
FMS,famoso,famous
FN,fauna,fauna
FNDDR,fundador,founder
FNDMNT,fundamental,fundamental
FNDMNT,fundamento,foundation
FNDR,fundar,found
FNDZN,fundación,foundation
FNL,final,final
FNLMNT,finalmente,finally
FNMN,fenómeno,phenomenon
FNNZR,financiero,financial
FNTS,fantasía,fantasy
FNTSTK,fantástico,fantastic
FNZN,función,function
FNZNR,funcionario,official
FR,feria,fair
FR,foro,forum
FR,furia,fury
FRD,fraude,fraud
FRGMNT,fragmento,fragment
FRJL,frágil,fragile
FRKNT,frecuente,frequent
FRKNTM,frecuentemente,frequently
FRKNTR,frecuentar,frequent
FRKNZ,frecuencia,frequency
FRM,firme,firm
FRM,forma,form
FRMDVL,formidable,formidable
FRMK,fármaco,drug
FRML,formal,formal
FRML,fórmula,formula
FRMLR,formular,formulate
FRMR,firmar,sign
FRMR,formar,form
FRMT,formato,format
FRMZ,farmacia,pharmacy
FRMZN,formación,training
FRNK,franco,frank
FRNZS,francés,French
FRRKRR,ferrocarril,railway
FRS,frase,phrase
FRS,furioso,furious
FRSTRR,frustrar,frustrate
FRSTRZ,frustración,frustration
FRT,fruta,fruit
FRT,fruto,fruit
FRTLZ,fortaleza,fortress
FRTN,fortuna,fortune
FRXN,fracción,fraction
FRZR,forzar,force
FS,fase,phase
FSK,físico,physical
FSKL,fiscal,fiscal
FSKMNT,físicamente,physically
FSN,fusión,fusion
FSTVL,festival,festival
FSZNR,fascinar,fascinate
FT,foto,photo
FTG,fatiga,fatigue
FTGRF,fotografía,photograph
FTGRF,fotógrafo,photographer
FTGRFK,fotográfico,photographic
FTL,fatal,fatal
FTR,futuro,future
FVR,favor,favor
FVR,fibra,fiber
FVRK,fábrica,factory
FVRKNT,fabricante,manufacturer
FVRKR,fabricar,manufacture
FVRKZN,fabricación,manufacturing
FVRR,febrero,February
FVRT,favorito,favorite
FVRZR,favorecer,favor
FXD,fachada,facade
FXN,facción,faction
FXN,ficción,fiction
FZLTR,facilitar,facilitate
G,guía,guide
GL,gol,goal
GLF,golfo,gulf
GLR,galería,gallery
GLR,gloria,glory
GLVL,global,global
GLX,galaxia,galaxy
GN,guión,script
GNT,guante,glove
GR,guiar,guide
GRD,grado,degree
GRD,guardia,guard
GRDR,graduar,graduate
GRFK,gráfico,graphic
GRG,griego,Greek
GRNT,garantía,guarantee
GRNTZR,garantizar,guarantee
GRP,grupo,group
GRRY,guerrilla,guerrilla
GRS,gris,gray
GRVDD,gravedad,gravity
GRVZN,grabación,recording
GRZ,gracia,grace
GS,gas,gas
GSLN,gasolina,gasoline
GTRR,guitarra,guitar
GVNT,gabinete,cabinet
GVRN,gobierno,government
GVRNDR,gobernador,governor
GVRNR,gobernar,govern
ID,idea,idea
IDL,ideal,ideal
IDL,ídolo,idol
IDLJ,ideología,ideology
IDLJK,ideológico,ideological
IDNTDD,identidad,identity
IDNTFK,identificación,identification
IDNTFK,identificar,identify
IDRJN,hidrógeno,hydrogen
IDT,idiota,idiot
IGL,igual,equal
IGLDD,igualdad,equality
IGLMNT,igualmente,likewise
IGNRNZ,ignorancia,ignorance
IGNRR,ignorar,ignore
ILGL,ilegal,illegal
ILMNR,iluminar,illuminate
ILMNZN,iluminación,lighting
ILSTRR,ilustrar,illustrate
ILSTRZ,ilustración,illustration
IMJN,imagen,image
IMJNR,imaginar,imagine
IMJNZN,imaginación,imagination
IMPKT,impacto,impact
IMPLKR,implicar,imply
IMPLS,impulso,impulse
IMPNR,imponer,impose
IMPR,imperio,empire
IMPRL,imperial,imperial
IMPRMR,imprimir,print
IMPRSN,impresionante,impressive
IMPRSN,impresionar,impress
IMPRSN,impresión,impression
IMPRTN,importancia,importance
IMPRTN,importante,important
IMPRTR,importar,matter
IMPRTZ,importación,import
IMPRVS,improvisar,improvise
IMPSVL,imposible,impossible
IMPZNZ,impaciencia,impatience
IMTR,imitar,imitate
INDFRN,indiferente,indifferent
INDJN,indígena,indigenous
INDKDR,indicador,indicator
INDKR,indicar,indicate
INDKZN,indicación,indication
INDPND,independencia,independence
INDPND,independiente,independent
INDSTR,industria,industry
INDSTR,industrial,industrial
INDVDL,individual,individual
INDZ,índice,index
INDZR,inducir,induce
INFLNZ,influencia,influence
INFLR,influir,influence
INFLZN,inflación,inflation
INFNT,infinito,infinite
INFRMR,informar,inform
INFRMZ,información,information
INFRR,inferior,inferior
INFXN,infección,infection
INGLS,inglés,English
INGRDN,ingrediente,ingredient
INGRR,inaugurar,inaugurate
INGRZN,inauguración,inauguration
INJNR,ingeniero,engineer
INJNR,ingeniería,engineering
INKLNZ,inclinación,inclination
INKLR,incluir,include
INKNSZ,inconsciente,unconscious
INKRMN,incrementar,increase
INKRMN,incremento,increase
INKRPR,incorporar,incorporate
INKRVL,increíble,incredible
INMDT,inmediato,immediate
INMDTM,inmediatamente,immediately
INMGRN,inmigrante,immigrant
INMNS,inmenso,immense
INNDR,inundar,flood
INNDZN,inundación,flood
INSFZN,insuficiente,insufficient
INSGRD,inseguridad,insecurity
INSKRP,inscripción,registration
INSKT,insecto,insect
INSLT,insulto,insult
INSLTR,insultar,insult
INSNR,insinuar,insinuate
INSPRR,inspirar,inspire
INSPRZ,inspiración,inspiration
INSRTR,insertar,insert
INSSTR,insistir,insist
INSTLR,instalar,install
INSTLZ,instalación,installation
INSTNT,instante,instant
INSTNT,instinto,instinct
INSTRM,instrumento,instrument
INSTRX,instrucción,instruction
INSTTT,instituto,institute
INSTTZ,institución,institution
INTGRD,integridad,integrity
INTGRL,integral,integral
INTGRR,integrar,integrate
INTGRZ,integración,integration
INTLJN,inteligencia,intelligence
INTLJN,inteligente,intelligent
INTLKT,intelectual,intellectual
INTM,íntimo,intimate
INTMDD,intimidad,intimacy
INTNS,intenso,intense
INTNSD,intensidad,intensity
INTNZN,intención,intention
INTRDX,introducción,introduction
INTRDZ,introducir,introduce
INTRKM,intercambiar,exchange
INTRKM,intercambio,exchange
INTRN,interno,internal
INTRNZ,internacional,international
INTRPR,interpretación,interpretation
INTRPR,interpretar,interpret
INTRPR,intérprete,interpreter
INTRR,interior,interior
INTRRG,interrogar,interrogate
INTRRM,interrumpir,interrupt
INTRS,interés,interest
INTRSN,interesante,interesting
INTRSR,interesar,interest
INTRVL,intervalo,interval
INTRVN,intervención,intervention
INTRVN,intervenir,intervene
INTRXN,interacción,interaction
INTZN,intuición,intuition
INVDR,invadir,invade
INVNTR,inventar,invent
INVNZN,invención,invention
INVRSN,inversión,investment
INVRTR,invertir,invest
INVSN,invasión,invasion
INVSTG,investigar,investigate
INVSVL,invisible,invisible
INVTR,invitar,invite
INVTZN,invitación,invitation
INZNT,inocente,innocent
INZR,iniciar,start
INZTV,iniciativa,initiative
IPTSS,hipótesis,hypothesis
IR,ira,anger
IRLNDS,irlandés,Irish
IRN,ironía,irony
IRNK,irónico,ironic
IRRGLR,irregular,irregular
IRRTR,irritar,irritate
ISPN,hispano,Hispanic
ISTR,historia,history
ISTRDR,historiador,historian
ISTRK,histórico,historic
ITLN,italiano,Italian
JD,judío,Jew
JDZL,judicial,judicial
JGDR,jugador,player
JGNT,gigante,giant
JGRF,geografía,geography
JGRFK,geográfico,geographic
JL,julio,July
JN,gen,gene
JN,genio,genius
JN,junio,June
JNR,género,gender
JNRL,general,general
JNRLZR,generalizar,generalize
JNRR,generar,generate
JNRS,generoso,generous
JNRZN,generación,generation
JNT,junta,board
JPNS,japonés,Japanese
JRD,jurado,jury
JRR,jurar,swear
JRRK,jerarquía,hierarchy
JRSDXN,jurisdicción,jurisdiction
JST,gesto,gesture
JSTFKR,justificar,justify
JSTZ,justicia,justice
JVNTD,juventud,youth
JZ,juez,judge
JZ,juicio,judgment
JZGR,juzgar,judge
KDG,código,code
KDRD,cuadrado,square
KDVR,cadáver,corpse
KL,kilo,kilo
KLDD,calidad,quality
KLDD,cualidad,quality
KLG,colega,colleague
KLKL,cálculo,calculation
KLKLR,calcular,calculate
KLKTV,colectivo,collective
KLM,calma,calm
KLM,clima,climate
KLMN,columna,column
KLMR,calmar,calm
KLMTK,climático,climatic
KLMTR,kilómetro,kilometer
KLMVN,colombiano,Colombian
KLN,colonia,colony
KLNDR,calendario,calendar
KLNK,clínica,clinic
KLNT,cliente,client
KLR,color,color
KLRDD,claridad,clarity
KLS,clase,class
KLSFKR,clasificar,classify
KLSFKZ,clasificación,classification
KLSK,clásico,classic
KLTR,cultura,culture
KLTRL,cultural,cultural
KLTVR,cultivar,cultivate
KLVRR,colaborar,collaborate
KLVRZN,colaboración,collaboration
KLXN,colección,collection
KLZN,coalición,coalition
KMD,comedia,comedy
KMK,cómico,comic
KMK,química,chemistry
KMK,químico,chemical
KMN,común,common
KMNDD,comunidad,community
KMNDNT,comandante,commander
KMNKR,comunicar,communicate
KMNKZN,comunicación,communication
KMNN,comunión,communion
KMNSM,comunismo,communism
KMNST,comunista,communist
KMNTR,comentar,comment
KMPLJ,complejo,complex
KMPLKD,complicado,complicated
KMPLKR,complicar,complicate
KMPLKZ,complicación,complication
KMPLMN,complemento,complement
KMPLT,completo,complete
KMPLTM,completamente,completely
KMPLTR,completar,complete
KMPNNT,componente,component
KMPNR,componer,compose
KMPNSR,compensar,compensate
KMPNSZ,compensación,compensation
KMPNT,campeonato,championship
KMPNY,campaña,campaign
KMPNYR,compañero,companion
KMPRDR,comprador,buyer
KMPRMS,compromiso,commitment
KMPRMT,comprometer,commit
KMPRNS,comprensión,understanding
KMPRR,comparar,compare
KMPRVR,comprobar,verify
KMPRZN,comparación,comparison
KMPS,compás,compass
KMPSN,compasión,compassion
KMPST,compuesto,compound
KMPSTR,compositor,composer
KMPSZN,composición,composition
KMPTDR,computadora,computer
KMPTNT,competente,competent
KMPTNZ,competencia,competence
KMPTRT,compatriota,compatriot
KMPTZN,competición,competition
KMR,cámara,camera
KMRZ,comercio,commerce
KMRZL,comercial,commercial
KMRZNT,comerciante,merchant
KMSN,comisión,commission
KMT,comité,committee
KMV,cambio,change
KMVNR,combinar,combine
KMVNZN,combinación,combination
KMVSTV,combustible,fuel
KMVT,combate,combat
KMVTR,combatir,combat
KND,conde,count
KNDDT,candidato,candidate
KNDDTR,candidatura,candidacy
KNDKT,conducta,conduct
KNDKTR,conductor,conductor
KNDNR,condenar,condemn
KNDNS,canadiense,Canadian
KNDZN,condición,condition
KNFDRZ,confederación,confederation
KNFGRR,configurar,configure
KNFLKT,conflicto,conflict
KNFNDR,confundir,confuse
KNFRMR,confirmar,confirm
KNFRNZ,conferencia,conference
KNFSN,confesión,confession
KNFSN,confusión,confusion
KNFSR,confesar,confess
KNGRGZ,congregación,congregation
KNGRS,congreso,congress
KNKLR,concluir,conclude
KNKLSN,conclusión,conclusion
KNKRT,concreto,concrete
KNKST,conquista,conquest
KNKSTR,conquistar,conquer
KNKTR,conectar,connect
KNL,canal,channel
KNSDRR,considerar,consider
KNSDRV,considerable,considerable
KNSDRZ,consideración,consideration
KNSJR,consejero,adviser
KNSKNZ,consecuencia,consequence
KNSLR,consolar,console
KNSLT,consulta,inquiry
KNSLTR,consultar,consult
KNSM,consumo,consumption
KNSMR,consumir,consume
KNSRVD,conservador,conservative
KNSRVR,conservar,preserve
KNSRVZ,conservación,preservation
KNSSTR,consistir,consist
KNSTNT,constante,constant
KNSTRX,construcción,construction
KNSTTZ,constitución,constitution
KNSZNT,consciente,conscious
KNT,quinto,fifth
KNTDD,cantidad,quantity
KNTKT,contacto,contact
KNTKTR,contactar,contact
KNTMNZ,contaminación,pollution
KNTMPL,contemplar,contemplate
KNTMPR,contemporáneo,contemporary
KNTN,continuo,continuous
KNTND,contenido,content
KNTNDD,continuidad,continuity
KNTNNT,continental,continental
KNTNNT,continente,continent
KNTNR,contener,contain
KNTNR,continuar,continue
KNTNT,cantante,singer
KNTNZN,continuación,continuation
KNTRDX,contradicción,contradiction
KNTRL,control,control
KNTRLR,controlar,control
KNTRR,contrario,contrary
KNTRST,contrastar,contrast
KNTRST,contraste,contrast
KNTRT,contrato,contract
KNTRVR,contribuir,contribute
KNTRVZ,contribución,contribution
KNTXT,contexto,context
KNVKR,convocar,convene
KNVNT,convento,convent
KNVNZR,convencer,convince
KNVRSR,conversar,converse
KNVRSZ,conversación,conversation
KNVRTR,convertir,convert
KNVXN,convicción,conviction
KNXN,conexión,connection
KNYN,cañón,canyon
KNZDR,coincidir,coincide
KNZLR,cancelar,cancel
KNZMNT,conocimiento,knowledge
KNZN,canción,song
KNZNTR,concentración,concentration
KNZNTR,concentrar,concentrate
KNZNZ,conciencia,conscience
KNZPT,concepto,concept
KNZPZN,concepción,conception
KNZR,cáncer,cancer
KNZRT,concierto,concert
KP,copia,copy
KPL,cúpula,dome
KPR,copiar,copy
KPRZN,cooperación,cooperation
KPTL,capital,capital
KPTL,capítulo,chapter
KPTLSM,capitalismo,capitalism
KPTLST,capitalista,capitalist
KPTN,capitán,captain
KPTR,captar,capture
KPTRR,capturar,capture
KPY,capilla,chapel
KPZDD,capacidad,capacity
KRDD,caridad,charity
KRDNL,cardenal,cardinal
KRDNR,coordinar,coordinate
KRDNZN,coordinación,coordination
KRDT,crédito,credit
KRDVLD,credibilidad,credibility
KRG,cargo,charge
KRJ,coraje,courage
KRKTR,carácter,character
KRKTRS,característica,characteristic
KRKTRZ,caracterizar,characterize
KRL,cruel,cruel
KRM,crema,cream
KRMN,crimen,crime
KRMNL,criminal,criminal
KRN,corona,crown
KRNK,crónica,chronicle
KRNL,coronel,colonel
KRNR,coronar,crown
KRNVL,carnaval,carnival
KRP,cuerpo,body
KRPRL,corporal,corporal
KRPRZN,corporación,corporation
KRR,crear,create
KRRDR,corredor,corridor
KRRJR,corregir,correct
KRRKT,correcto,correct
KRRL,corral,corral
KRRNT,corriente,current
KRRPZN,corrupción,corruption
KRRR,carrera,career
KRRXN,corrección,correction
KRS,curioso,curious
KRS,curso,course
KRSDD,curiosidad,curiosity
KRSS,crisis,crisis
KRSTN,cristiano,Christian
KRSTNS,cristianismo,Christianity
KRTK,crítica,criticism
KRTK,crítico,critic
KRTKR,criticar,criticize
KRTR,criatura,creature
KRTR,criterio,criterion
KRTVDD,creatividad,creativity
KRV,curva,curve
KRVN,carbono,carbon
KRZ,caricia,caress
KRZ,cruz,cross
KRZD,cruzado,crusader
KRZMNT,crecimiento,growth
KRZN,creación,creation
KRZR,cruzar,cross
KS,caos,chaos
KS,causa,cause
KSLDD,casualidad,coincidence
KSR,causar,cause
KST,costa,coast
KSTN,cuestión,question
KSTY,castillo,castle
KT,cuota,quota
KTDRL,catedral,cathedral
KTGR,categoría,category
KTLG,catálogo,catalog
KTLK,católico,Catholic
KTSTRF,catástrofe,catastrophe
KV,cabo,cape
KV,cueva,cave
KVL,cable,cable
KVN,cubano,Cuban
KVZR,cabecera,header
KYR,collar,necklace
LDR,líder,leader
LDRZG,liderazgo,leadership
LG,liga,league
LGL,legal,legal
LGN,laguna,lagoon
LJ,lujo,luxury
LJK,lógica,logic
LJK,lógico,logical
LJSLZN,legislación,legislation
LJTM,legítimo,legitimate
LKD,líquido,liquid
LKL,local,local
LKLDD,localidad,locality
LKLZR,localizar,locate
LKTR,lector,reader
LKTR,lectura,reading
LMN,limón,lemon
LMN,lámina,sheet
LMNS,luminoso,bright
LMNT,lamento,lament
LMNTR,lamentar,lament
LMPR,lámpara,lamp
LMT,límite,limit
LMTD,limitado,limited
LMTR,limitar,limit
LMTZN,limitación,limitation
LN,león,lion
LN,línea,line
LNGJ,lenguaje,language
LNJTD,longitud,length
LNT,lente,lens
LNUSTK,lingüístico,linguistic
LNZMNT,lanzamiento,launch
LNZR,lanzar,launch
LST,lista,list
LTN,latino,Latino
LTN,latín,Latin
LTR,letra,letter
LTR,litro,liter
LTRR,literario,literary
LTRTR,literatura,literature
LV,labio,lip
LVR,libre,free
LVRL,liberal,liberal
LVRNT,laberinto,labyrinth
LVRR,liberar,free
LVRTR,laboratorio,laboratory
LVRZN,liberación,liberation
LXN,lección,lesson
LYND,leyenda,legend
LZNZ,licencia,license
LZNZR,licenciar,license
MDFKR,modificar,modify
MDFKZN,modificación,modification
MDKMNT,medicamento,medicine
MDL,modelo,model
MDRN,moderno,modern
MDST,modesto,modest
MDTR,meditar,meditate
MDTRRN,mediterráneo,Mediterranean
MDTZN,meditación,meditation
MDVL,medieval,medieval
MDY,medalla,medal
MDZN,medicina,medicine
MDZN,medición,measurement
MGNFK,magnífico,magnificent
MGNTD,magnitud,magnitude
MGNTK,magnético,magnetic
MJ,magia,magic
MJK,mágico,magical
MJSTRD,magistrado,magistrate
MKN,máquina,machine
MKNK,mecánica,mechanics
MKNK,mecánico,mechanic
MKNSM,mecanismo,mechanism
MLD,melodía,melody
MLD,molde,mold
MLGR,milagro,miracle
MLKL,molécula,molecule
MLN,milenio,millennium
MLNKL,melancolía,melancholy
MLTPLK,multiplicar,multiply
MLTR,militar,military
MLTTD,multitud,crowd
MMFR,mamífero,mammal
MMNT,momento,moment
MMR,memoria,memory
MMVR,miembro,member
MN,menú,menu
MN,mina,mine
MNDT,mandato,mandate
MNFSTR,manifestar,manifest
MNFSTZ,manifestación,demonstration
MNL,manual,manual
MNM,mínimo,minimum
MNMNT,monumento,monument
MNPL,monopolio,monopoly
MNPLR,manipular,manipulate
MNPLZN,manipulación,manipulation
MNR,manera,manner
MNR,minero,miner
MNR,minoría,minority
MNRK,monarca,monarch
MNRK,monarquía,monarchy
MNRL,mineral,mineral
MNSJ,mensaje,message
MNSKRT,manuscrito,manuscript
MNSL,mensual,monthly
MNSTR,ministerio,ministry
MNSTR,ministro,minister
MNSTR,monasterio,monastery
MNSTR,monstruo,monster
MNT,manto,mantle
MNT,mente,mind
MNT,minuto,minute
MNTL,mental,mental
MNTNR,mantener,maintain
MNZN,mención,mention
MNZNR,mencionar,mention
MNZP,municipio,municipality
MNZPL,municipal,municipal
MP,mapa,map
MRJN,margen,margin
MRK,marca,brand
MRK,marco,frame
MRKD,mercado,market
MRKR,marcar,mark
MRL,moral,moral
MRML,mármol,marble
MRN,marino,marine
MRTL,mortal,mortal
MRVY,maravilla,marvel
MRVYS,maravilloso,marvelous
MRX,marcha,march
MRXR,marchar,march
MRZ,marzo,March
MRZD,merced,mercy
MS,masa,mass
MS,museo,museum
MSK,música,music
MSK,músico,musician
MSKL,musical,musical
MSKL,músculo,muscle
MSKLN,masculino,masculine
MSKLR,muscular,muscular
MSKR,máscara,mask
MSLMN,musulmán,Muslim
MSN,misión,mission
MSR,miseria,misery
MSRKRD,misericordia,mercy
MSRVL,miserable,miserable
MSTR,misterio,mystery
MSTRS,misterioso,mysterious
MT,mito,myth
MTD,método,method
MTDLJ,metodología,methodology
MTL,metal,metal
MTMTK,matemática,mathematics
MTMTK,matemático,mathematical
MTR,materia,matter
MTR,metro,meter
MTR,motor,engine
MTRL,material,material
MTRMN,matrimonio,marriage
MTV,motivo,reason
MTVR,motivar,motivate
MTVZN,motivación,motivation
MVL,móvil,mobile
MVLDD,movilidad,mobility
MVMNT,movimiento,movement
MXKN,mexicano,Mexican
MXM,máximo,maximum
MY,mayo,May
MYN,millón,million
MYR,mayoría,majority
NGTV,negativo,negative
NGZ,negocio,business
NGZR,negociar,negotiate
NGZZN,negociación,negotiation
NKL,núcleo,core
NKLR,nuclear,nuclear
NKTRN,nocturno,nocturnal
NMR,número,number
NMRS,numeroso,numerous
NRM,norma,norm
NRML,normal,normal
NRMLMN,normalmente,normally
NRRR,narrar,narrate
NRRZN,narración,narration
NRST,noroeste,northwest
NRT,norte,north
NRVS,nervioso,nervous
NT,nota,note
NTR,notar,notice
NTRL,natural,natural
NTRLMN,naturalmente,naturally
NTV,nativo,native
NTVL,notable,notable
NTZ,noticia,news
NVDD,novedad,novelty
NVGR,navegar,navigate
NVGZN,navegación,navigation
NVL,naval,naval
NVL,nivel,level
NVL,noble,noble
NVL,novela,novel
NVLZ,nobleza,nobility
NVMVR,noviembre,November
NZN,nación,nation
NZN,noción,notion
NZNL,nacional,national
NZNLDD,nacionalidad,nationality
NZNLST,nacionalista,nationalist
NZSR,necesario,necessary
OFNDR,ofender,offend
OFNSV,ofensiva,offensive
OFRT,oferta,offer
OFRZR,ofrecer,offer
OFZL,oficial,official
OFZN,oficina,office
OKPR,ocupar,occupy
OKPZN,ocupación,occupation
OKRRR,ocurrir,occur
OKSN,ocasión,occasion
OKTVR,octubre,October
OLMPK,olímpico,Olympic
OLNDS,holandés,Dutch
ONR,honor,honor
ONRR,honrar,honor
ONST,honesto,honest
OPNN,opinión,opinion
OPNR,opinar,opine
OPR,ópera,opera
OPRR,operar,operate
OPRTN,oportuno,timely
OPRTND,oportunidad,opportunity
OPRZN,operación,operation
OPSZN,oposición,opposition
OPTMST,optimista,optimist
OPTR,optar,opt
OPZN,opción,option
ORDN,orden,order
ORDNDR,ordenador,computer
ORDNR,ordenar,order
ORDNR,ordinario,ordinary
ORGN,órgano,organ
ORGNK,orgánico,organic
ORGNSM,organismo,organism
ORGNZR,organizar,organize
ORGNZZ,organización,organization
ORJN,origen,origin
ORJNL,original,original
ORJNR,originar,originate
ORKST,orquesta,orchestra
ORL,oral,oral
ORMN,hormona,hormone
ORNT,oriente,east
ORNTL,oriental,eastern
ORNTR,orientar,orient
ORNTZN,orientación,orientation
ORR,horario,schedule
ORR,orar,pray
ORRR,horror,horror
ORRVL,horrible,horrible
ORVT,órbita,orbit
ORZNT,horizonte,horizon
ORZNTL,horizontal,horizontal
OSPTL,hospital,hospital
OST,oeste,west
OSZLR,oscilar,oscillate
OTL,hotel,hotel
OVDZR,obedecer,obey
OVJT,objeto,object
OVJTV,objetivo,objective
OVLGR,obligar,oblige
OVLGZN,obligación,obligation
OVRR,obrero,worker
OVSP,obispo,bishop
OVSRVD,observador,observer
OVSRVR,observar,observe
OVSRVZ,observación,observation
OVSSN,obsesión,obsession
OVSTKL,obstáculo,obstacle
OVTNR,obtener,obtain
OXDNTL,occidental,western
OXJN,oxígeno,oxygen
OZN,océano,ocean
PDD,piedad,pity
PDR,padre,father
PJN,página,page
PKLR,peculiar,peculiar
PKT,pacto,pact
PKT,paquete,package
PL,polo,pole
PLD,pálido,pale
PLK,placa,plate
PLK,polaco,Polish
PLM,palma,palm
PLM,plomo,lead
PLMN,pulmón,lung
PLMR,palmera,palm-tree
PLN,plan,plan
PLN,plano,plan
PLNR,planear,plan
PLNT,planeta,planet
PLNT,planta,plant
PLNTR,plantar,plant
PLS,pulso,pulse
PLSTK,plástico,plastic
PLT,piloto,pilot
PLT,plata,silver
PLT,plato,plate
PLTK,política,politics
PLTK,político,politician
PLZ,palacio,palace
PLZ,plaza,square
PLZ,plazo,term
PLZ,policía,police
PLZR,placer,pleasure
PM,poema,poem
PN,piano,piano
PN,pino,pine
PNK,pánico,panic
PNNSL,península,peninsula
PNRM,panorama,panorama
PNSMNT,pensamiento,thought
PNT,punto,point
PNTR,pintar,paint
PNTR,pintor,painter
PNTR,pintura,painting
PNTRR,penetrar,penetrate
PPL,pupila,pupil
PPLR,popular,popular
PR,par,pair
PR,puro,pure
PRD,período,period
PRDK,periódico,newspaper
PRDKT,producto,product
PRDKTR,productor,producer
PRDKTV,productividad,productivity
PRDNT,prudente,prudent
PRDSM,periodismo,journalism
PRDST,periodista,journalist
PRDXN,producción,production
PRDZR,producir,produce
PRFKT,perfecto,perfect
PRFL,perfil,profile
PRFM,perfume,perfume
PRFNDD,profundidad,depth
PRFNDZ,profundizar,deepen
PRFRNZ,preferencia,preference
PRFRR,preferir,prefer
PRFSN,profesión,profession
PRFT,profeta,prophet
PRFXN,perfección,perfection
PRFXNR,perfeccionar,perfect
PRGRM,programa,program
PRGRMR,programar,program
PRGRMZ,programación,programming
PRGRS,progreso,progress
PRIVR,prohibir,forbid
PRIVZN,prohibición,prohibition
PRJZ,prejuicio,prejudice
PRK,parque,park
PRK,porqué,reason
PRKLMR,proclamar,proclaim
PRKTK,práctica,practice
PRKTK,práctico,practical
PRKTKR,practicar,practice
PRKZN,precaución,caution
PRL,perla,pearl
PRLL,paralelo,parallel
PRLMNT,parlamento,parliament
PRLNGR,prolongar,prolong
PRLZR,paralizar,paralyze
PRMD,pirámide,pyramid
PRMNNT,permanente,permanent
PRMS,permiso,permission
PRMS,promesa,promise
PRMTR,parámetro,parameter
PRMTR,permitir,permit
PRMTR,prometer,promise
PRMZN,promoción,promotion
PRN,peruano,Peruvian
PRNNZR,pronunciar,pronounce
PRNS,prensa,press
PRNZP,principio,principle
PRNZP,príncipe,prince
PRNZPL,principal,main
PRNZPL,principalmente,mainly
PRNZS,princesa,princess
PRPDD,propiedad,property
PRPGND,propaganda,propaganda
PRPNR,proponer,propose
PRPRD,preparado,prepared
PRPRR,preparar,prepare
PRPRZN,preparación,preparation
PRSN,persona,person
PRSN,presión,pressure
PRSN,prisión,prison
PRSNL,personal,personal
PRSNLD,personalidad,personality
PRSNR,presionar,press
PRSNR,prisionero,prisoner
PRSNT,presente,present
PRSNTR,presentar,present
PRSNTZ,presentación,presentation
PRSNZ,presencia,presence
PRSPKT,perspectiva,perspective
PRSSTR,persistir,persist
PRTDR,partidario,supporter
PRTGNS,protagonista,protagonist
PRTGS,portugués,Portuguese
PRTJR,proteger,protect
PRTKL,partícula,particle
PRTKLR,particular,particular
PRTKTR,protector,protector
PRTL,portal,portal
PRTN,proteína,protein
PRTST,protesta,protest
PRTXN,protección,protection
PRTZPR,participar,participate
PRTZPZ,participación,participation
PRVD,privado,private
PRVKR,provocar,provoke
PRVLJ,privilegio,privilege
PRVLM,problema,problem
PRVNR,prevenir,prevent
PRVNZ,provincia,province
PRVNZN,prevención,prevention
PRVR,privar,deprive
PRXM,próximo,next
PRXMDD,proximidad,proximity
PRYKT,proyecto,project
PRYKTR,proyectar,project
PRZ,precio,price
PRZDMN,procedimiento,procedure
PRZDNT,precedente,precedent
PRZDR,preceder,precede
PSTRR,posterior,later
PSTV,positivo,positive
PSV,pasivo,passive
PSVL,posible,possible
PSVLDD,posibilidad,possibility
PSZN,posición,position
PT,patio,courtyard
PT,poeta,poet
PTK,poético,poetic
PTNZ,potencia,power
PTR,patria,homeland
PTRN,patrón,pattern
PTZN,petición,request
PVLK,público,public
PVLKR,publicar,publish
PVLKZN,publicación,publication
PVLZDD,publicidad,advertising
PVLZN,población,population
PZFK,pacífico,peaceful
PZNT,paciente,patient
PZNZ,paciencia,patience
RD,radio,radio
RDXN,redacción,writing
RDXN,reducción,reduction
RFJ,refugio,refuge
RFLJ,reflejo,reflection
RFLJR,reflejar,reflect
RFLXN,reflexión,reflection
RFLXNR,reflexionar,reflect
RFRM,reforma,reform
RFRMR,reformar,reform
RFRNZ,referencia,reference
RFRR,referir,refer
RGLMNT,reglamento,regulation
RGLR,regular,regular
RGLZN,regulación,regulation
RGR,rigor,rigor
RJMN,régimen,regime
RJN,región,region
RJNL,regional,regional
RJSTR,registro,register
RJSTRR,registrar,register
RK,roca,rock
RKLMR,reclamar,claim
RKMNDR,recomendar,recommend
RKMNDZ,recomendación,recommendation
RKNSTR,reconstruir,rebuild
RKNZMN,reconocimiento,recognition
RKNZR,reconocer,recognize
RKPRR,recuperar,recover
RKPRZN,recuperación,recovery
RKRR,requerir,require
RKRRR,recurrir,resort
RKST,requisito,requirement
RKT,recto,straight
RL,real,real
RLDD,realidad,reality
RLJN,religión,religion
RLJS,religioso,religious
RLT,relato,story
RLTR,relatar,narrate
RLTV,relativo,relative
RLV,relieve,relief
RLZN,relación,relation
RLZNR,relacionar,relate
RMD,remedio,remedy
RMN,romano,Roman
RMNTK,romántico,romantic
RMNZ,romance,romance
RMR,rumor,rumor
RMTR,remitir,send
RN,ruina,ruin
RND,reinado,reign
RNN,reunión,meeting
RNNZR,renunciar,resign
RNR,reinar,reign
RNR,reunir,gather
RNVR,renovar,renew
RPRDXN,reproducción,reproduction
RPRDZR,reproducir,reproduce
RPRMR,reprimir,repress
RPRR,reparar,repair
RPRSN,represión,repression
RPRSNT,representación,representation
RPRSNT,representante,representative
RPRSNT,representar,represent
RPRZN,reparación,repair
RPTR,repetir,repeat
RPTR,ruptura,breakup
RPTZN,repetición,repetition
RPVLK,república,republic
RPVLKN,republicano,republican
RRL,rural,rural
RS,ruso,Russian
RSDNT,residente,resident
RSDNZ,residencia,residence
RSDR,residir,reside
RSLTD,resultado,result
RSLVR,resolver,resolve
RSLZN,resolución,resolution
RSMR,resumir,summarize
RSPKTV,respectivamente,respectively
RSPNSV,responsabilidad,responsibility
RSPNSV,responsable,responsible
RSPRR,respirar,breathe
RSPRZN,respiración,breathing
RSPT,respeto,respect
RSPTR,respetar,respect
RSRRXN,resurrección,resurrection
RSRV,reserva,reservation
RSRVD,reservado,reserved
RSRVR,reservar,reserve
RSSTNZ,resistencia,resistance
RSSTR,resistir,resist
RSTRNT,restaurante,restaurant
RSTRR,restaurar,restore
RSTRXN,restricción,restriction
RSTRZN,restauración,restoration
RSZTR,resucitar,revive
RT,ruta,route
RTL,ritual,ritual
RTM,ritmo,rhythm
RTN,rutina,routine
RTNR,retener,retain
RTRN,retorno,return
RTRNR,retornar,return
RTRR,retirar,remove
RTRS,retraso,delay
RTRT,retrato,portrait
RTRZDR,retroceder,retreat
RVL,rival,rival
RVLD,rebelde,rebel
RVLN,rebelión,rebellion
RVLR,revelar,reveal
RVLVR,revólver,revolver
RVLZN,revelación,revelation
RVLZN,revolución,revolution
RVLZNR,revolucionario,revolutionary
RVS,revés,reverse
RVSR,revisar,review
RVST,revista,magazine
RXN,reacción,reaction
RXNR,reaccionar,react
RXZ,rechazo,rejection
RXZR,rechazar,reject
RY,rayo,ray
RZN,razón,reason
RZNL,racional,rational
RZNT,reciente,recent
RZNT,recinto,enclosure
RZNTMN,recientemente,recently
RZNVL,razonable,reasonable
RZPZN,recepción,reception
RZT,receta,recipe
RZVR,recibir,receive
SD,sede,headquarters
SF,sofá,sofa
SFTUR,software,software
SFZNT,suficiente,sufficient
SGDR,seguidor,follower
SGMNT,segmento,segment
SGN,signo,sign
SGND,segundo,second
SGNT,siguiente,next
SGR,seguro,sure
SGRD,sagrado,sacred
SGRDD,seguridad,security
SGRMNT,seguramente,surely
SJT,sujeto,subject
SK,sueco,Swedish
SKNDR,secundario,secondary
SKRFKR,sacrificar,sacrifice
SKRFZ,sacrificio,sacrifice
SKRT,secreto,secret
SKRTR,secretario,secretary
SLD,salud,health
SLD,saludo,greeting
SLD,sólido,solid
SLDD,soldado,soldier
SLDD,soledad,loneliness
SLDR,saludar,greet
SLDRDD,solidaridad,solidarity
SLDVL,saludable,healthy
SLNZ,silencio,silence
SLR,salario,salary
SLR,solar,solar
SLV,saliva,saliva
SLV,salvo,except
SLVZN,salvación,salvation
SLXN,selección,selection
SLXNR,seleccionar,select
SLZN,solución,solution
SLZNR,solucionar,solve
SLZTD,solicitud,request
SM,suma,sum
SMLR,similar,similar
SMNL,semanal,weekly
SMNR,seminario,seminar
SMNSTR,suministrar,supply
SMNSTR,suministro,supply
SMPL,simple,simple
SMPLMN,simplemente,simply
SMRJR,sumergir,submerge
SMTR,someter,subdue
SMVL,símbolo,symbol
SND,senado,senate
SND,sonido,sound
SNDR,senador,senator
SNDRM,síndrome,syndrome
SNGLR,singular,singular
SNR,sonoro,sonorous
SNSVL,sensible,sensitive
SNSVLD,sensibilidad,sensitivity
SNSZN,sensación,sensation
SNTD,sentido,sense
SNTM,síntoma,symptom
SNTNZ,sentencia,sentence
SNTNZR,sentenciar,sentence
SNTSS,síntesis,synthesis
SNZNR,sancionar,sanction
SNZR,sincero,sincere
SNZRMN,sinceramente,sincerely
SPRFZ,superficie,surface
SPRFZL,superficial,superficial
SPRM,supremo,supreme
SPRMR,suprimir,suppress
SPRR,separar,separate
SPRR,superior,superior
SPRZN,separación,separation
SPTMVR,septiembre,September
SR,serie,series
SR,serio,serious
SRDD,seriedad,seriousness
SRJNT,sargento,sergeant
SRN,sirena,siren
SRVDR,servidor,server
SRVR,servir,serve
SRVZ,servicio,service
SSPNDR,suspender,suspend
SSPNSN,suspensión,suspension
SSTM,sistema,system
SSTNR,sostener,sustain
SSTNZ,sustancia,substance
SSTTR,sustituir,substitute
ST,sitio,site
STL,sutil,subtle
STLT,satélite,satellite
STR,situar,situate
STSFKT,satisfactorio,satisfactory
STSFXN,satisfacción,satisfaction
STSFZR,satisfacer,satisfy
STZN,situación,situation
SVD,sábado,Saturday
SVR,severo,severe
SVRN,soberanía,sovereignty
SVRPSR,sobrepasar,surpass
SVRVVR,sobrevivir,survive
SVST,subasta,auction
SVTRRN,subterráneo,underground
SX,sexo,sex
SXL,sexual,sexual
SXN,sección,section
SXT,sexto,sixth
SZ,socio,partner
SZ,suizo,Swiss
SZD,suicidio,suicide
SZDD,sociedad,society
SZL,social,social
SZLSM,socialismo,socialism
SZLST,socialista,socialist
SZSR,sucesor,successor
T,té,tea
TGR,tigre,tiger
TKLD,teclado,keyboard
TKNK,técnica,technique
TKNK,técnico,technician
TKNLJ,tecnología,technology
TKNLJK,tecnológico,technological
TLFN,teléfono,telephone
TLJ,teología,theology
TLNT,talento,talent
TLRNZ,tolerancia,tolerance
TLRR,tolerar,tolerate
TLVSN,televisión,television
TLVSR,televisor,TV
TMPL,templo,temple
TMPRL,temporal,temporary
TMPRTR,temperatura,temperature
TMR,tumor,tumor
TMT,tomate,tomato
TMV,tumba,tomb
TMVLR,temblor,tremor
TN,tono,tone
TNDNZ,tendencia,tendency
TNK,tanque,tank
TNL,túnel,tunnel
TNLD,tonelada,ton
TNNT,teniente,lieutenant
TNS,tenis,tennis
TNSN,tensión,tension
TNTR,tentar,tempt
TNTZN,tentación,temptation
TP,tipo,type
TPK,típico,typical
TR,teoría,theory
TRDXN,traducción,translation
TRDZN,tradición,tradition
TRDZNL,tradicional,traditional
TRDZR,traducir,translate
TRF,tarifa,tariff
TRFK,tráfico,traffic
TRJD,tragedia,tragedy
TRJT,tarjeta,card
TRK,teórico,theoretical
TRK,turco,Turkish
TRMK,térmico,thermal
TRMN,término,term
TRMNL,terminal,terminal
TRN,torneo,tournament
TRN,tren,train
TRN,trono,throne
TRNF,triunfo,triumph
TRNFR,triunfar,succeed
TRNGL,triángulo,triangle
TRNSFR,transferir,transfer
TRNSFR,transformación,transformation
TRNSFR,transformar,transform
TRNSMS,transmisión,transmission
TRNSMT,transmitir,transmit
TRNSPR,transparente,transparent
TRNSPR,transportar,transport
TRNSPR,transporte,transport
TRNST,tránsito,transit
TRNSTR,transitar,travel
TRNSXN,transacción,transaction
TRNSZN,transición,transition
TRNV,tranvía,tram
TRP,terapia,therapy
TRPKL,tropical,tropical
TRR,torre,tower
TRRN,terreno,terrain
TRRR,terror,terror
TRRRSM,terrorismo,terrorism
TRRRST,terrorista,terrorist
TRRSTR,terrestre,terrestrial
TRRTR,territorio,territory
TRRTRL,territorial,territorial
TRRVL,terrible,terrible
TRRZ,terraza,terrace
TRSLDR,trasladar,relocate
TRSM,turismo,tourism
TRST,turista,tourist
TRTMNT,tratamiento,treatment
TRTR,tortura,torture
TRTRR,torturar,torture
TRVNL,tribunal,court
TRYKT,trayecto,journey
TRZ,tercio,third
TRZN,traición,treason
TRZR,tercero,third
TRZR,trazar,trace
TSR,tesoro,treasure
TSS,tesis,thesis
TSTMN,testimonio,testimony
TSTMNT,testamento,testament
TTL,total,total
TTL,título,title
TTLDD,totalidad,entirety
TTLMNT,totalmente,totally
TTLR,titular,headline
TTR,teatro,theater
TV,tubo,tube
TVK,tabaco,tobacco
TX,taxi,taxi
ULTM,último,last
UMDD,humedad,humidity
UMLDD,humildad,humility
UMN,humano,human
UMNDD,humanidad,humanity
UMR,humor,humor
UMYR,humillar,humiliate
UNDD,unidad,unit
UNFRM,uniforme,uniform
UNK,único,unique
UNN,unión,union
UNR,unir,join
UNVRS,universo,universe
UNVRSD,universidad,university
UNVRSL,universal,universal
UNVRST,universitario,university
URJNT,urgente,urgent
URJNZ,urgencia,urgency
US,uso,use
USD,usado,used
USR,usar,use
USR,usuario,user
UTL,útil,useful
UTLDD,utilidad,usefulness
UTLZR,utilizar,utilize
UTLZZN,utilización,utilization
UVKZN,ubicación,location
V,vía,route
VGRF,biografía,biography
VI,bahía,bay
VIKL,vehículo,vehicle
VJLNZ,vigilancia,surveillance
VJLR,vigilar,monitor
VJTL,vegetal,vegetable
VJTZN,vegetación,vegetation
VKN,vacuna,vaccine
VKTM,víctima,victim
VKTR,bacteria,bacteria
VKTR,victoria,victory
VKZNS,vacaciones,vacation
VL,velo,veil
VLD,válido,valid
VLGR,vulgar,vulgar
VLJ,biología,biology
VLJK,biológico,biological
VLK,bloque,block
VLKN,balcón,balcony
VLKN,volcán,volcano
VLKR,bloquear,block
VLMN,volumen,volume
VLN,violín,violin
VLNRVL,vulnerable,vulnerable
VLNT,violento,violent
VLNTR,voluntario,volunteer
VLNZ,balance,balance
VLNZ,violencia,violence
VLR,valor,value
VLR,violar,violate
VLRR,valorar,value
VLS,valioso,valuable
VLVN,boliviano,Bolivian
VLZ,veloz,fast
VLZDD,velocidad,speed
VLZN,violación,rape
VMV,bomba,bomb
VN,vena,vein
VND,banda,band
VNDR,bandera,flag
VNDZN,bendición,blessing
VNFZ,beneficio,benefit
VNT,venta,sale
VNTJ,ventaja,advantage
VNZLN,venezolano,Venezuelan
VPR,vapor,steam
VR,bar,bar
VRDD,variedad,variety
VRFKR,verificar,verify
VRJN,virgen,virgin
VRNZ,bronce,bronze
VRR,variar,vary
VRRK,barroco,baroque
VRS,verso,verse
VRS,virus,virus
VRSLNY,brasileño,Brazilian
VRSN,versión,version
VRT,bruto,gross
VRTD,virtud,virtue
VRTKL,vertical,vertical
VRTL,brutal,brutal
VRTR,verter,pour
VRV,breve,brief
VRV,verbo,verb
VRVL,variable,variable
VRVL,verbal,verbal
VRVR,bárbaro,barbarian
VRYNT,brillante,brilliant
VS,base,base
VSL,visual,visual
VSN,visión,vision
VSR,basar,base
VST,bestia,beast
VST,vasto,vast
VST,visita,visit
VST,vista,view
VSTNT,visitante,visitor
VSTR,visitar,visit
VSVL,visible,visible
VT,voto,vote
VTL,vital,vital
VTMN,vitamina,vitamin
VTN,botón,button
VTR,batería,battery
VTR,votar,vote
VTY,batalla,battle
VTY,botella,bottle
VTZN,votación,voting
VTZR,bautizar,baptize
VV,bebé,baby
VVD,bóveda,vault
VVLTK,biblioteca,library
VVRR,vibrar,vibrate
VVRZN,vibración,vibration
VY,villa,villa
VYT,ballet,ballet
VZ,vicio,vice
VZKLT,bicicleta,bicycle
XK,cheque,check
XKLT,chocolate,chocolate
XLN,chileno,Chilean
XMN,chimenea,chimney
XN,chino,Chinese
ZDR,ceder,yield
ZGRR,cigarro,cigar
ZGRRY,cigarrillo,cigarette
ZKL,ciclo,cycle
ZLL,célula,cell
ZLVR,célebre,famous
ZLVRR,celebrar,celebrate
ZLVRZN,celebración,celebration
ZMNT,cemento,cement
ZMNTR,cementerio,cemetery
ZN,cine,cinema
ZN,zona,zone
ZNSR,censura,censorship
ZNTFK,científico,scientist
ZNTMTR,centímetro,centimeter
ZNTR,centro,center
ZNTRL,central,central
ZNTRR,centrar,center
ZNZ,ciencia,science
ZR,cero,zero
ZRJ,cirugía,surgery
ZRK,circo,circus
ZRKL,círculo,circle
ZRKLR,circular,circular
ZRKLZN,circulación,circulation
ZRKNST,circunstancia,circumstance
ZRMK,cerámica,ceramic
ZRMN,ceremonia,ceremony
ZRR,cierre,closure
ZRT,cierto,certain
ZRTFKD,certificado,certificate
ZRTZ,certeza,certainty
ZRVR,cerebro,brain
ZRVRL,cerebral,cerebral
ZSR,cesar,cease
ZTR,citar,quote
ZVL,civil,civil
ZVLZZN,civilización,civilization
