word,metaphone,translation
a,A,to
adherir,ADERR,adhere
adecuado,ADKD,suitable
adquirir,ADKRR,acquire
adquisición,ADKSZN,acquisition
adelante,ADLNT,forward
adelantar,ADLNTR,advance
adolescencia,ADLSZN,adolescence
adolescente,ADLSZN,teenager
adulto,ADLT,adult
ademán,ADMN,gesture
administración,ADMNST,administration
administrador,ADMNST,administrator
administrar,ADMNST,manage
administrativo,ADMNST,administrative
admirar,ADMRR,admire
admirable,ADMRVL,admirable
admiración,ADMRZN,admiration
además,ADMS,besides
admitir,ADMTR,admit
adónde,ADND,where
adentro,ADNTR,inside
audiencia,ADNZ,audience
adaptar,ADPTR,adapt
adoptar,ADPTR,adopt
adaptación,ADPTZN,adaptation
adopción,ADPZN,adoption
adorno,ADRN,ornament
adornar,ADRNR,decorate
adorar,ADRR,adore
adivinar,ADVNR,guess
adversario,ADVRSR,adversary
advertencia,ADVRTN,warning
advertir,ADVRTR,warn
adicional,ADZNL,additional
afecto,AFKT,affection
afectar,AFKTR,affect
aflojar,AFLJR,loosen
afilar,AFLR,sharpen
afán,AFN,eagerness
afuera,AFR,outside
africano,AFRKN,African
afirmar,AFRMR,affirm
afrontar,AFRNTR,face
afortunadamente,AFRTND,fortunately
afición,AFZN,hobby
aficionado,AFZND,fan
agua,AG,water
agudo,AGD,sharp
aguja,AGJ,needle
agujero,AGJR,hole
aguantar,AGNTR,endure
agradar,AGRDR,please
aguardar,AGRDR,wait
agradable,AGRDVL,pleasant
agradecido,AGRDZD,grateful
agradecer,AGRDZR,thank
agregar,AGRGR,add
agrícola,AGRKL,agricultural
agricultor,AGRKLT,farmer
agricultura,AGRKLT,agriculture
agrupar,AGRPR,group
agrario,AGRR,agrarian
agarrar,AGRRR,grab
agresión,AGRSN,aggression
agresivo,AGRSV,aggressive
agosto,AGST,August
agotar,AGTR,exhaust
ahí,AI,there
auge,AJ,boom
ajedrez,AJDRZ,chess
ajeno,AJN,foreign
agenda,AJND,agenda
agente,AJNT,agent
agencia,AJNZ,agency
ajuste,AJST,adjustment
ajustar,AJSTR,adjust
agitar,AJTR,shake
acá,AK,here
aquí,AK,here
academia,AKDM,academy
académico,AKDMK,academic
acudir,AKDR,attend
acoger,AKJR,welcome
aquel,AKL,that
aclarar,AKLRR,clarify
acomodar,AKMDR,accommodate
acumular,AKMLR,accumulate
acumulación,AKMLZN,accumulation
acompañar,AKMPNY,accompany
aconsejar,AKNSJR,advise
acontecimiento,AKNTZM,event
acontecer,AKNTZR,happen
acuerdo,AKRD,agreement
acordar,AKRDR,agree
acariciar,AKRZR,caress
acaso,AKS,perhaps
acusado,AKSD,accused
acusar,AKSR,accuse
acostumbrar,AKSTMV,accustom
acostar,AKSTR,lay
acusación,AKSZN,accusation
acta,AKT,record
acto,AKT,act
actual,AKTL,current
actualidad,AKTLDD,present
actualmente,AKTLMN,currently
actualizar,AKTLZR,update
actor,AKTR,actor
actuar,AKTR,act
actriz,AKTRZ,actress
actitud,AKTTD,attitude
activo,AKTV,active
actividad,AKTVDD,activity
activar,AKTVR,activate
actuación,AKTZN,performance
aquella,AKY,that
aquello,AKY,that
ala,AL,wing
aula,AL,classroom
aldea,ALD,village
aliado,ALD,ally
aludir,ALDR,allude
alfombra,ALFMVR,carpet
algo,ALG,something
algodón,ALGDN,cotton
alguien,ALGN,someone
alguno,ALGN,some
alegre,ALGR,cheerful
alegría,ALGR,joy
alegrar,ALGRR,gladden
alejar,ALJR,distance
alojar,ALJR,lodge
alcalde,ALKLD,mayor
alquilar,ALKLR,rent
alquiler,ALKLR,rent
alcance,ALKNZ,reach
alcanzar,ALKNZR,reach
alcohol,ALKOL,alcohol
alma,ALM,soul
almohada,ALMAD,pillow
alemán,ALMN,German
alumno,ALMN,student
alimento,ALMNT,food
alimentar,ALMNTR,feed
alimentación,ALMNTZ,feeding
almuerzo,ALMRZ,lunch
almorzar,ALMRZR,lunch
alambre,ALMVR,wire
almacén,ALMZN,warehouse
almacenar,ALMZNR,store
aliento,ALNT,breath
alentar,ALNTR,encourage
alianza,ALNZ,alliance
alrededor,ALRDDR,around
alarma,ALRM,alarm
alarmar,ALRMR,alarm
alusión,ALSN,allusion
altar,ALTR,altar
altura,ALTR,height
alternar,ALTRNR,alternate
alternativa,ALTRNT,alternative
alternativo,ALTRNT,alternative
alterar,ALTRR,alter
alteración,ALTRZN,alteration
alba,ALV,dawn
alivio,ALV,relief
aliviar,ALVR,relieve
albergar,ALVRGR,host
ama,AM,housekeeper
amo,AM,master
amiga,AMG,friend
amigo,AMG,friend
amante,AMNT,lover
aumento,AMNT,increase
amontonar,AMNTNR,pile
amenaza,AMNZ,threat
amanecer,AMNZR,dawn
amenazar,AMNZR,threaten
amplio,AMPL,wide
ampliar,AMPLR,widen
ampliación,AMPLZN,expansion
amparo,AMPR,shelter
amar,AMR,love
amargo,AMRG,bitter
amargura,AMRGR,bitterness
americano,AMRKN,American
amarrar,AMRRR,tie
amarillo,AMRY,yellow
amistad,AMSTD,friendship
amable,AMVL,kind
ambiente,AMVNT,environment
hambre,AMVR,hunger
ambos,AMVS,both
ámbito,AMVT,scope
ambición,AMVZN,ambition
ambicioso,AMVZS,ambitious
aun,AN,even
aún,AN,still
andaluz,ANDLZ,Andalusian
andar,ANDR,walk
ángulo,ANGL,angle
angustia,ANGST,anguish
ángel,ANJL,angel
aunque,ANK,although
anual,ANL,annual
anular,ANLR,cancel
análisis,ANLSS,analysis
analista,ANLST,analyst
analizar,ANLZR,analyze
ánimo,ANM,spirit
animado,ANMD,lively
animal,ANML,animal
animar,ANMR,cheer
anónimo,ANNM,anonymous
anuncio,ANNZ,announcement
anunciar,ANNZR,announce
ansia,ANS,longing
ansiedad,ANSDD,anxiety
ante,ANT,before
antiguo,ANTG,ancient
antena,ANTN,antenna
antepasado,ANTPSD,ancestor
anotar,ANTR,note
anterior,ANTRR,previous
anteriormente,ANTRRM,previously
antes,ANTS,before
antigüedad,ANTUDD,antiquity
antecedente,ANTZDN,antecedent
aniversario,ANVRSR,anniversary
ancho,ANX,wide
anoche,ANX,lastnight
anillo,ANY,ring
año,ANY,year
anciano,ANZN,elderly
ahogar,AOGR,drown
ahora,AOR,now
ahorro,AORR,savings
ahorrar,AORRR,save
apagar,APGR,turnoff
aplaudir,APLDR,applaud
aplicar,APLKR,apply
aplicación,APLKZN,application
apelar,APLR,appeal
aplauso,APLS,applause
aplastar,APLSTR,crush
apenas,APNS,hardly
apunte,APNT,note
apuntar,APNTR,aim
apuro,APR,trouble
aprender,APRNDR,learn
aprendizaje,APRNDZ,learning
aparentemente,APRNTM,apparently
apariencia,APRNZ,appearance
apropiado,APRPD,appropriate
apurar,APRR,hurry
apresurar,APRSRR,rush
aparato,APRT,device
aparte,APRT,aside
apartamento,APRTMN,apartment
apartar,APRTR,separate
apertura,APRTR,opening
aportar,APRTR,contribute
apretar,APRTR,squeeze
aportación,APRTZN,contribution
aprobar,APRVR,approve
aprovechar,APRVXR,profit
aprobación,APRVZN,approval
aproximadamente,APRXMD,approximately
aproximar,APRXMR,approach
aparición,APRZN,appearance
aparecer,APRZR,appear
apreciar,APRZR,appreciate
apuesta,APST,bet
apóstol,APSTL,apostle
apostar,APSTR,bet
apetito,APTT,appetite
apoyo,APY,support
apellido,APYD,surname
apoyar,APYR,support
aire,AR,air
aéreo,AR,aerial
área,AR,area
ardiente,ARDNT,burning
arder,ARDR,burn
argumentar,ARGMNT,argue
argumento,ARGMNT,argument
argentino,ARJNTN,Argentine
arco,ARK,arch
arqueológico,ARKLJK,archeological
arquitecto,ARKTKT,architect
arquitectura,ARKTKT,architecture
arma,ARM,weapon
aroma,ARM,aroma
armado,ARMD,armed
armonía,ARMN,harmony
armar,ARMR,assemble
armario,ARMR,wardrobe
arena,ARN,sand
harina,ARN,flour
araña,ARNY,spider
aeropuerto,ARPRT,airport
arruga,ARRG,wrinkle
arreglo,ARRGL,arrangement
arreglar,ARRGLR,fix
arrugar,ARRGR,wrinkle
arrojar,ARRJR,throw
arrancar,ARRNKR,start
arruinar,ARRNR,ruin
arriesgar,ARRSGR,risk
arrastrar,ARRSTR,drag
arriba,ARRV,above
arroyo,ARRY,stream
arroz,ARRZ,rice
arte,ART,art
harto,ART,fedup
artificial,ARTFZL,artificial
artículo,ARTKL,article
articulación,ARTKLZ,joint
artesano,ARTSN,artisan
artista,ARTST,artist
artístico,ARTSTK,artistic
árabe,ARV,Arab
árbol,ARVL,tree
árbitro,ARVTR,referee
archivo,ARXV,file
así,AS,thus
asignatura,ASGNTR,subject
asegurar,ASGRR,assure
asco,ASK,disgust
aislamiento,ASLMNT,isolation
aislar,ASLR,isolate
asalto,ASLT,assault
asaltar,ASLTR,assault
asumir,ASMR,assume
asamblea,ASMVL,assembly
asombro,ASMVR,amazement
asombrar,ASMVRR,amaze
asombroso,ASMVRS,amazing
asiento,ASNT,seat
asunto,ASNT,matter
asentir,ASNTR,agree
ausencia,ASNZ,absence
aspecto,ASPKT,aspect
áspero,ASPR,rough
aspirar,ASPRR,aspire
aspiración,ASPRZN,aspiration
asesino,ASSN,murderer
asesinar,ASSNR,murder
asesinato,ASSNT,murder
asistir,ASSTR,attend
asustar,ASSTR,scare
hasta,AST,until
asiático,ASTK,Asian
ascender,ASZNDR,ascend
ascensor,ASZNSR,elevator
asociar,ASZR,associate
asociación,ASZZN,association
auto,AT,car
ataúd,ATD,coffin
ataque,ATK,attack
atacar,ATKR,attack
atleta,ATLT,athlete
atómico,ATMK,atomic
atmósfera,ATMSFR,atmosphere
automóvil,ATMVL,automobile
atender,ATNDR,attend
autonomía,ATNM,autonomy
autónomo,ATNM,autonomous
atento,ATNT,attentive
atentado,ATNTD,attack
auténtico,ATNTK,authentic
atención,ATNZN,attention
atar,ATR,tie
autor,ATR,author
autoridad,ATRDD,authority
atardecer,ATRDZR,dusk
atractivo,ATRKTV,attractive
atormentar,ATRMNT,torment
atrapar,ATRPR,catch
atraer,ATRR,attract
atrás,ATRS,behind
atribuir,ATRVR,attribute
atravesar,ATRVSR,cross
atributo,ATRVT,attribute
atracción,ATRXN,attraction
autorizar,ATRZR,authorize
autorización,ATRZZN,authorization
autobús,ATVS,bus
ave,AV,bird
abogado,AVGD,lawyer
abajo,AVJ,below
abuela,AVL,grandmother
abuelo,AVL,grandfather
habla,AVL,speech
hábil,AVL,skillful
habilidad,AVLDD,skill
hablar,AVLR,speak
avión,AVN,airplane
avenida,AVND,avenue
abandono,AVNDN,abandonment
abandonado,AVNDND,abandoned
abandonar,AVNDNR,abandon
abundante,AVNDNT,abundant
abundancia,AVNDNZ,abundance
abundar,AVNDR,abound
aventura,AVNTR,adventure
avance,AVNZ,advance
avanzar,AVNZR,advance
haber,AVR,have
abordar,AVRDR,board
abrigo,AVRG,coat
avergonzar,AVRGNZ,embarrass
averiguar,AVRGR,findout
abarcar,AVRKR,span
abril,AVRL,April
abrir,AVRR,open
aburrido,AVRRD,bored
aburrir,AVRRR,bore
abierto,AVRT,open
aborto,AVRT,abortion
abrazo,AVRZ,hug
abrazar,AVRZR,hug
abuso,AVS,abuse
aviso,AVS,notice
absoluto,AVSLT,absolute
absolutamente,AVSLTM,absolutely
abismo,AVSM,abyss
abusar,AVSR,abuse
avisar,AVSR,notify
absurdo,AVSRD,absurd
absorber,AVSRVR,absorb
abstracto,AVSTRK,abstract
hábito,AVT,habit
habitual,AVTL,habitual
habitante,AVTNT,inhabitant
habitar,AVTR,inhabit
habitación,AVTZN,room
accidente,AXDNT,accident
acceder,AXDR,access
auxilio,AXL,aid
auxiliar,AXLR,assistant
acción,AXN,action
acceso,AXS,access
accesible,AXSVL,accessible
allá,AY,there
allí,AY,there
ayudante,AYDNT,helper
ayudar,AYDR,help
ayuntamiento,AYNTMN,townhall
hallar,AYR,find
hallazgo,AYZG,finding
hacia,AZ,toward
ácido,AZD,acid
azúcar,AZKR,sugar
azul,AZL,blue
acelerar,AZLRR,accelerate
hacienda,AZND,estate
acento,AZNT,accent
acentuar,AZNTR,accentuate
hazaña,AZNY,feat
aceptar,AZPTR,accept
aceptación,AZPTZN,acceptance
acera,AZR,sidewalk
acero,AZR,steel
azar,AZR,chance
hacer,AZR,do
acerca,AZRK,about
acercar,AZRKR,approach
acertar,AZRTR,guess
aceite,AZT,oil
de,D,of
día,D,day
dado,DD,dice
dedo,DD,finger
deuda,DD,debt
duda,DD,doubt
dedicar,DDKR,dedicate
dudar,DDR,doubt
dudoso,DDS,doubtful
deducir,DDZR,deduce
dificultad,DFKLTD,difficulty
dificultar,DFKLTR,hinder
defecto,DFKT,defect
defender,DFNDR,defend
difundir,DFNDR,spread
definir,DFNR,define
defensor,DFNSR,defender
definitivo,DFNTV,definitive
definitivamente,DFNTVM,definitely
definición,DFNZN,definition
diferencia,DFRNZ,difference
diferenciar,DFRNZR,differentiate
diferir,DFRR,differ
difusión,DFSN,diffusion
difícil,DFZL,difficult
déficit,DFZT,deficit
digno,DGN,worthy
dignidad,DGNDD,dignity
diagnóstico,DGNSTK,diagnosis
digital,DJTL,digital
duque,DK,duke
década,DKD,decade
decadencia,DKDNZ,decadence
declaración,DKLRZN,declaration
documento,DKMNT,document
documental,DKMNTL,documentary
documentación,DKMNTZ,documentation
decorar,DKRR,decorate
decreto,DKRT,decree
decoración,DKRZN,decoration
dictador,DKTDR,dictator
dictadura,DKTDR,dictatorship
doctor,DKTR,doctor
doctrina,DKTRN,doctrine
duelo,DL,duel
diálogo,DLG,dialogue
delegado,DLGD,delegate
delgado,DLGD,thin
delegación,DLGZN,delegation
delincuente,DLNKNT,delinquent
delante,DLNT,infront
diluir,DLR,dilute
doler,DLR,hurt
dolor,DLR,pain
dólar,DLR,dollar
doloroso,DLRS,painful
delito,DLT,crime
dulce,DLZ,sweet
delicioso,DLZS,delicious
dama,DM,lady
democrático,DMKRTK,democratic
democracia,DMKRZ,democracy
demonio,DMN,demon
dominio,DMN,domain
demanda,DMND,demand
domingo,DMNG,Sunday
dominicano,DMNKN,Dominican
dominar,DMNR,dominate
dimensión,DMNSN,dimension
demorar,DMRR,delay
demasiado,DMSD,too
demostrar,DMSTRR,demonstrate
demostración,DMSTRZ,demonstration
diámetro,DMTR,diameter
domicilio,DMZL,domicile
don,DN,gift
donde,DND,where
dónde,DND,where
denominar,DNMNR,name
denunciar,DNNZR,report
dinero,DNR,money
donar,DNR,donate
densidad,DNSDD,density
dinastía,DNST,dynasty
diente,DNT,tooth
dentro,DNTR,inside
daño,DNY,damage
dueño,DNY,owner
dañar,DNYR,damage
danza,DNZ,dance
donación,DNZN,donation
diplomático,DPLMTK,diplomat
dependencia,DPNDNZ,dependence
depender,DPNDR,depend
depresión,DPRSN,depression
deporte,DPRT,sport
departamento,DPRTMN,department
deportivo,DPRTV,sports
depósito,DPST,deposit
depositar,DPSTR,deposit
diputado,DPTD,deputy
dar,DR,give
diario,DR,daily
duro,DR,hard
droga,DRG,drug
dirigente,DRJNT,leader
dirigir,DRJR,direct
directo,DRKT,direct
director,DRKTR,director
drama,DRM,drama
dormir,DRMR,sleep
dramático,DRMTK,dramatic
dormitorio,DRMTR,bedroom
durante,DRNT,during
durar,DRR,last
derramar,DRRMR,spill
derrota,DRRT,defeat
derrotar,DRRTR,defeat
derribar,DRRVR,knockdown
derivar,DRVR,derive
derecha,DRX,right
dirección,DRXN,direction
duración,DRZN,duration
deseo,DS,desire
dios,DS,god
diosa,DS,goddess
dos,DS,two
deshacer,DSAZR,undo
desde,DSD,since
desafío,DSF,challenge
desfile,DSFL,parade
desafiar,DSFR,challenge
disfrutar,DSFRTR,enjoy
desigualdad,DSGLDD,inequality
designar,DSGNR,designate
desagradable,DSGRDV,unpleasant
desgracia,DSGRZ,misfortune
disgusto,DSGST,displeasure
disco,DSK,disc
descuidar,DSKDR,neglect
disculpa,DSKLP,excuse
disculpar,DSKLPR,excuse
descalzo,DSKLZ,barefoot
descanso,DSKNS,rest
descansar,DSKNSR,rest
desconocido,DSKNZD,unknown
descargar,DSKRGR,download
discriminación,DSKRMN,discrimination
descripción,DSKRPZ,description
discurso,DSKRS,speech
describir,DSKRVR,describe
discusión,DSKSN,discussion
discutir,DSKTR,discuss
descubrir,DSKVRR,discover
disolver,DSLVR,dissolve
deslizar,DSLZR,slide
disimular,DSMLR,pretend
disminuir,DSMNR,diminish
desempleo,DSMPL,unemployment
desempeñar,DSMPNY,fulfill
desnudo,DSND,naked
diseño,DSNY,design
diseñar,DSNYR,design
despedida,DSPDD,farewell
despedir,DSPDR,dismiss
despegar,DSPGR,takeoff
desplegar,DSPLGR,deploy
desplazamiento,DSPLZM,displacement
disponer,DSPNR,arrange
disparar,DSPRR,shoot
dispersar,DSPRSR,disperse
despierto,DSPRT,awake
despertar,DSPRTR,awaken
desprecio,DSPRZ,disdain
desaparición,DSPRZN,disappearance
desaparecer,DSPRZR,disappear
despreciar,DSPRZR,scorn
después,DSPS,after
dispuesto,DSPST,willing
disposición,DSPSZN,disposition
disputa,DSPT,dispute
disputar,DSPTR,dispute
despacio,DSPZ,slow
desear,DSR,wish
desorden,DSRDN,disorder
desarrollo,DSRRY,development
desarrollar,DSRRYR,develop
desierto,DSRT,desert
dosis,DSS,dose
desesperación,DSSPRZ,despair
desastre,DSSTR,disaster
destacar,DSTKR,stand-out
destino,DSTN,destiny
distinguir,DSTNGR,distinguish
destinar,DSTNR,allocate
distinto,DSTNT,different
distancia,DSTNZ,distance
distinción,DSTNZN,distinction
desatar,DSTR,unleash
destruir,DSTRR,destroy
distrito,DSTRT,district
distribuir,DSTRVR,distribute
distribución,DSTRVZ,distribution
destrucción,DSTRXN,destruction
destrozar,DSTRZR,destroy
desviar,DSVR,divert
desayuno,DSYN,breakfast
descifrar,DSZFRR,decipher
descendiente,DSZNDN,descendant
descender,DSZNDR,descend
doscientos,DSZNTS,twohundred
discípulo,DSZPL,disciple
disciplina,DSZPLN,discipline
dato,DT,fact
dieta,DT,diet
detectar,DTKTR,detect
detenido,DTND,detained
detener,DTNR,stop
detención,DTNZN,detention
datar,DTR,date
dotar,DTR,endow
determinado,DTRMND,determined
determinar,DTRMNR,determine
determinación,DTRMNZ,determination
deteriorar,DTRRR,deteriorate
detrás,DTRS,behind
detalle,DTY,detail
detallado,DTYD,detailed
dividir,DVDR,divide
debajo,DVJ,below
dibujo,DVJ,drawing
dibujar,DVJR,draw
diablo,DVL,devil
doble,DVL,double
débil,DVL,weak
debilidad,DVLDD,weakness
doblar,DVLR,fold
debilitar,DVLTR,weaken
devolver,DVLVR,return
divino,DVN,divine
deber,DVR,must
devorar,DVRR,devour
diverso,DVRS,diverse
diversión,DVRSN,fun
divertido,DVRTD,funny
divertir,DVRTR,amuse
divorcio,DVRZ,divorce
división,DVSN,division
debate,DVT,debate
debatir,DVTR,debate
diabetes,DVTS,diabetes
dicho,DX,saying
diccionario,DXNR,dictionary
diez,DZ,ten
doce,DZ,twelve
decidir,DZDR,decide
décimo,DZM,tenth
diciembre,DZMVR,December
decena,DZN,ten
docena,DZN,dozen
diecinueve,DZNV,nineteen
decir,DZR,say
decisión,DZSN,decision
dieciséis,DZSS,sixteen
diecisiete,DZST,seventeen
decisivo,DZSV,decisive
dieciocho,DZX,eighteen
edad,EDD,age
edificio,EDFZ,building
educar,EDKR,educate
educación,EDKZN,education
editar,EDTR,edit
editor,EDTR,editor
edición,EDZN,edition
efecto,EFKT,effect
efectivo,EFKTV,effective
efectivamente,EFKTVM,effectively
eficacia,EFKZ,efficacy
eficaz,EFKZ,efficient
eje,EJ,axis
ejecutar,EJKTR,execute
ejecución,EJKZN,execution
ejemplo,EJMPL,example
ejemplar,EJMPLR,exemplary
ejercer,EJRZR,exercise
ejército,EJRZT,army
ejercicio,EJRZZ,exercise
eco,EK,echo
equilibrio,EKLVR,balance
económico,EKNMK,economic
economista,EKNMST,economist
equipo,EKP,team
ecosistema,EKSSTM,ecosystem
hectárea,EKTR,hectare
equivocar,EKVKR,mistake
equivalente,EKVLNT,equivalent
ecuación,EKZN,equation
el,EL,the
él,EL,he
helado,ELD,icecream
elegante,ELGNT,elegant
elegir,ELJR,choose
helicóptero,ELKPTR,helicopter
eléctrico,ELKTRK,electric
electrón,ELKTRN,electron
electrónico,ELKTRN,electronic
electricidad,ELKTRZ,electricity
eliminar,ELMNR,eliminate
elemento,ELMNT,element
eliminación,ELMNZN,removal
elevar,ELVR,elevate
elaborar,ELVRR,elaborate
elaboración,ELVRZN,elaboration
elección,ELXN,election
emigrar,EMGRR,emigrate
empujar,EMPJR,push
empleo,EMPL,job
empleado,EMPLD,employee
emplear,EMPLR,employ
empapar,EMPPR,soak
emperador,EMPRDR,emperor
emprender,EMPRND,undertake
empresa,EMPRS,company
empezar,EMPZR,start
emisión,EMSN,emission
emitir,EMTR,emit
embajada,EMVJD,embassy
embajador,EMVJDR,ambassador
hembra,EMVR,female
embargo,EMVRG,embargo
embarcar,EMVRKR,board
embarazo,EMVRZ,pregnancy
embarazada,EMVRZD,pregnant
emoción,EMZN,emotion
emocional,EMZNL,emotional
emocionar,EMZNR,excite
en,EN,in
endurecer,ENDRZR,harden
enfoque,ENFK,focus
enfermo,ENFRM,sick
enfermedad,ENFRMD,illness
enfermar,ENFRMR,sicken
enfermero,ENFRMR,nurse
enfriar,ENFRR,cool
enfatizar,ENFTZR,emphasize
engaño,ENGNY,deception
engañar,ENGNYR,deceive
enojar,ENJR,anger
encaje,ENKJ,lace
encajar,ENKJR,fit
encanto,ENKNT,charm
encantar,ENKNTR,enchant
encontrar,ENKNTR,find
encuentro,ENKNTR,encounter
encargo,ENKRG,order
encarar,ENKRR,confront
encuesta,ENKST,survey
enlace,ENLZ,link
enemigo,ENMG,enemy
enero,ENR,January
energía,ENRJ,energy
enriquecer,ENRKZR,enrich
enorme,ENRM,enormous
enseñanza,ENSNYN,teaching
enseñar,ENSNYR,teach
ensayo,ENSY,essay
ensayar,ENSYR,rehearse
entidad,ENTDD,entity
entender,ENTNDR,understand
entonar,ENTNR,intone
entonces,ENTNZS,then
entero,ENTR,whole
entre,ENTR,among
entrada,ENTRD,entrance
entregar,ENTRGR,deliver
entorno,ENTRN,environment
entrenador,ENTRND,coach
entrenamiento,ENTRNM,training
entrenar,ENTRNR,train
entrañas,ENTRNY,guts
entierro,ENTRR,burial
entrar,ENTRR,enter
enterrar,ENTRRR,bury
entretener,ENTRTN,entertain
entretenimiento,ENTRTN,entertainment
entrevista,ENTRVS,interview
entusiasmar,ENTSSM,excite
entusiasmo,ENTSSM,enthusiasm
envío,ENV,shipment
envidia,ENVD,envy
envidiar,ENVDR,envy
envejecer,ENVJZR,age
envolver,ENVLVR,wrap
enviar,ENVR,send
encima,ENZM,above
encender,ENZNDR,ignite
encerrar,ENZRRR,enclose
época,EPK,era
episodio,EPSD,episode
euro,ER,euro
héroe,ER,hero
herida,ERD,wound
herido,ERD,wounded
heredar,ERDR,inherit
heredero,ERDR,heir
hermana,ERMN,sister
hermano,ERMN,brother
hermoso,ERMS,beautiful
herencia,ERNZ,inheritance
europeo,ERP,European
herir,ERR,injure
herramienta,ERRMNT,tool
error,ERRR,error
hervir,ERVR,boil
esa,ES,that
ese,ES,that
eso,ES,that
esfera,ESFR,sphere
esfuerzo,ESFRZ,effort
escudo,ESKD,shield
escoger,ESKJR,choose
escala,ESKL,scale
escuela,ESKL,school
escalón,ESKLN,step
escalera,ESKLR,ladder
escolar,ESKLR,school
escultura,ESKLTR,sculpture
esclavo,ESKLV,slave
esclavitud,ESKLVT,slavery
esquema,ESKM,scheme
esquina,ESKN,corner
escándalo,ESKNDL,scandal
esconder,ESKNDR,hide
escapar,ESKPR,escape
escupir,ESKPR,spit
escrito,ESKRT,written
escritor,ESKRTR,writer
escritorio,ESKRTR,desk
escritura,ESKRTR,writing
escribir,ESKRVR,write
escasez,ESKSZ,scarcity
escuchar,ESKXR,listen
esencia,ESNZ,essence
espada,ESPD,sword
espejo,ESPJ,mirror
especulación,ESPKLZ,speculation
espectador,ESPKTD,spectator
espectáculo,ESPKTK,show
espectro,ESPKTR,spectrum
espalda,ESPLD,back
esplendor,ESPLND,splendor
espuma,ESPM,foam
espina,ESPN,thorn
espanto,ESPNT,fright
espantar,ESPNTR,scare
espantoso,ESPNTS,frightful
español,ESPNYL,Spanish
espera,ESPR,wait
espiar,ESPR,spy
esperanza,ESPRNZ,hope
espíritu,ESPRT,spirit
espiritual,ESPRTL,spiritual
espeso,ESPS,thick
esposa,ESPS,wife
esposo,ESPS,husband
espacio,ESPZ,space
especie,ESPZ,species
especificar,ESPZFK,specify
específico,ESPZFK,specific
especial,ESPZL,special
especialidad,ESPZLD,specialty
especialmente,ESPZLM,especially
especialista,ESPZLS,specialist
este,EST,this
esto,EST,this
éste,EST,this
estadio,ESTD,stadium
estado,ESTD,state
estudio,ESTD,study
estadounidense,ESTDND,American
estudiante,ESTDNT,student
estudiar,ESTDR,study
estadística,ESTDST,statistic
estadístico,ESTDST,statistical
estilo,ESTL,style
estómago,ESTMG,stomach
estimular,ESTMLR,stimulate
estimar,ESTMR,estimate
estimación,ESTMZN,estimation
estúpido,ESTPD,stupid
estupidez,ESTPDZ,stupidity
estupendo,ESTPND,great
estar,ESTR,be
estricto,ESTRKT,strict
estirar,ESTRR,stretch
estrategia,ESTRTJ,strategy
estratégico,ESTRTJ,strategic
estrecho,ESTRX,narrow
estrella,ESTRY,star
estrellar,ESTRYR,crash
estas,ESTS,these
estos,ESTS,these
estatua,ESTT,statue
estatal,ESTTL,state
estatura,ESTTR,stature
estable,ESTVL,stable
estabilidad,ESTVLD,stability
establecer,ESTVLZ,establish
estallar,ESTYR,burst
estación,ESTZN,station
escena,ESZN,scene
escenario,ESZNR,stage
ética,ETK,ethics
ético,ETK,ethical
etiqueta,ETKT,label
etapa,ETP,stage
eterno,ETRN,eternal
eternidad,ETRNDD,eternity
evidente,EVDNT,evident
evidencia,EVDNZ,evidence
evocar,EVKR,evoke
evaluación,EVLZN,evaluation
evolución,EVLZN,evolution
evolucionar,EVLZNR,evolve
evangelio,EVNJL,gospel
evitar,EVTR,avoid
hecho,EX,fact
exhibir,EXIVR,exhibit
exhibición,EXIVZN,exhibition
exigir,EXJR,demand
exagerar,EXJRR,exaggerate
excluir,EXKLR,exclude
excursión,EXKRSN,excursion
excusa,EXKS,excuse
exacto,EXKT,exact
exactamente,EXKTMN,exactly
examen,EXMN,exam
examinar,EXMNR,examine
expedición,EXPDZN,expedition
expectativa,EXPKTT,expectation
explicar,EXPLKR,explain
explicación,EXPLKZ,explanation
explorar,EXPLRR,explore
explosión,EXPLSN,explosion
expulsar,EXPLSR,expel
explotar,EXPLTR,exploit
explotación,EXPLTZ,exploitation
exponer,EXPNR,expose
experimentar,EXPRMN,experience
experimento,EXPRMN,experiment
experiencia,EXPRNZ,experience
expresión,EXPRSN,expression
expresar,EXPRSR,express
experto,EXPRT,expert
exportar,EXPRTR,export
exportación,EXPRTZ,export
exposición,EXPSZN,exposition
echar,EXR,throw
existente,EXSTNT,existing
existencia,EXSTNZ,existence
existir,EXSTR,exist
extender,EXTNDR,extend
extinguir,EXTNGR,extinguish
extenso,EXTNS,extensive
extensión,EXTNSN,extension
extinción,EXTNZN,extinction
extremo,EXTRM,extreme
externo,EXTRN,external
extranjero,EXTRNJ,foreigner
extrañar,EXTRNY,miss
extraño,EXTRNY,strange
exterior,EXTRR,exterior
extraer,EXTRR,extract
extraordinario,EXTRRD,extraordinary
exceder,EXZDR,exceed
excelente,EXZLNT,excellent
excelencia,EXZLNZ,excellence
excepto,EXZPT,except
excepcional,EXZPZN,exceptional
excepción,EXZPZN,exception
excesivo,EXZSV,excessive
ella,EY,she
ello,EY,it
fe,F,faith
feo,F,ugly
fidelidad,FDLDD,fidelity
federal,FDRL,federal
federación,FDRZN,federation
fuego,FG,fire
fuga,FG,escape
figura,FGR,figure
fijo,FJ,fixed
fijar,FJR,fix
facultad,FKLTD,faculty
factor,FKTR,factor
factura,FKTR,invoice
fiel,FL,faithful
fila,FL,row
falda,FLD,skirt
flujo,FLJ,flow
flaco,FLK,thin
flor,FLR,flower
fluir,FLR,flow
florecer,FLRZR,flourish
falso,FLS,false
filosofía,FLSF,philosophy
filósofo,FLSF,philosopher
filosófico,FLSFK,philosophical
falta,FLT,lack
flota,FLT,fleet
faltar,FLTR,lack
filtro,FLTR,filter
flotar,FLTR,float
filtrar,FLTRR,filter
flecha,FLX,arrow
flexible,FLXVL,flexible
feliz,FLZ,happy
felicidad,FLZDD,happiness
felicitar,FLZTR,congratulate
fama,FM,fame
familia,FML,family
familiar,FMLR,relative
femenino,FMNN,feminine
fomentar,FMNTR,foster
fumar,FMR,smoke
famoso,FMS,famous
fauna,FN,fauna
fin,FN,end
fino,FN,fine
fondo,FND,bottom
fundador,FNDDR,founder
fundamental,FNDMNT,fundamental
fundamentar,FNDMNT,base
fundamento,FNDMNT,foundation
fundar,FNDR,found
fundir,FNDR,melt
fundación,FNDZN,foundation
fingir,FNJR,pretend
finca,FNK,property
final,FNL,final
finalidad,FNLDD,purpose
finalmente,FNLMNT,finally
fenómeno,FNMN,phenomenon
financiero,FNNZR,financial
fuente,FNT,source
fantasía,FNTS,fantasy
fantasma,FNTSM,ghost
fantástico,FNTSTK,fantastic
función,FNZN,function
funcionar,FNZNR,work
funcionario,FNZNR,official
feria,FR,fair
foro,FR,forum
frío,FR,cold
fuera,FR,outside
furia,FR,fury
fraude,FRD,fraud
fragmento,FRGMNT,fragment
frágil,FRJL,fragile
frecuente,FRKNT,frequent
frecuentemente,FRKNTM,frequently
frecuentar,FRKNTR,frequent
frecuencia,FRKNZ,frequency
fracaso,FRKS,failure
firma,FRM,signature
firme,FRM,firm
forma,FRM,form
formidable,FRMDVL,formidable
fármaco,FRMK,drug
formal,FRML,formal
fórmula,FRML,formula
formular,FRMLR,formulate
firmar,FRMR,sign
formar,FRMR,form
formato,FRMT,format
farmacia,FRMZ,pharmacy
formación,FRMZN,training
franja,FRNJ,stripe
franco,FRNK,frank
frenar,FRNR,brake
frente,FRNT,forehead
frontera,FRNTR,border
francés,FRNZS,French
ferrocarril,FRRKRR,railway
frase,FRS,phrase
furioso,FRS,furious
frasco,FRSK,bottle
fresco,FRSK,fresh
frustrar,FRSTRR,frustrate
frustración,FRSTRZ,frustration
frito,FRT,fried
fruta,FRT,fruit
fruto,FRT,fruit
fuerte,FRT,strong
fortaleza,FRTLZ,fortress
fortuna,FRTN,fortune
frotar,FRTR,rub
fracción,FRXN,fraction
fuerza,FRZ,force
forzar,FRZR,force
fase,FS,phase
físico,FSK,physical
fiscal,FSKL,fiscal
físicamente,FSKMNT,physically
fusil,FSL,rifle
fusión,FSN,fusion
fiesta,FST,party
festejar,FSTJR,celebrate
festival,FSTVL,festival
fascinar,FSZNR,fascinate
foto,FT,photo
fatiga,FTG,fatigue
fotografía,FTGRF,photograph
fotógrafo,FTGRF,photographer
fotográfico,FTGRFK,photographic
fatal,FTL,fatal
futuro,FTR,future
fútbol,FTVL,soccer
futbolista,FTVLST,soccerplayer
favor,FVR,favor
fibra,FVR,fiber
fiebre,FVR,fever
fábrica,FVRK,factory
fabricante,FVRKNT,manufacturer
fabricar,FVRKR,manufacture
fabricación,FVRKZN,manufacturing
febrero,FVRR,February
favorito,FVRT,favorite
favorecer,FVRZR,favor
fecha,FX,date
fachada,FXD,facade
facción,FXN,faction
ficción,FXN,fiction
falla,FY,flaw
fallo,FY,failure
fallar,FYR,fail
fallecer,FYZR,passaway
fácil,FZL,easy
facilidad,FZLDD,ease
fácilmente,FZLMNT,easily
facilitar,FZLTR,facilitate
guía,G,guide
gol,GL,goal
golfo,GLF,gulf
golpe,GLP,blow
golpear,GLPR,hit
galería,GLR,gallery
gloria,GLR,glory
globo,GLV,balloon
global,GLVL,global
galaxia,GLX,galaxy
goma,GM,rubber
guión,GN,script
ganador,GNDR,winner
ganancia,GNNZ,profit
ganar,GNR,win
guante,GNT,glove
guapo,GP,handsome
guiar,GR,guide
gordo,GRD,fat
grado,GRD,degree
guardia,GRD,guard
graduar,GRDR,graduate
guardar,GRDR,keep
gráfico,GRFK,graphic
griego,GRG,Greek
garganta,GRGNT,throat
grano,GRN,grain
grande,GRND,big
garantía,GRNT,guarantee
garantizar,GRNTZR,guarantee
grupo,GRP,group
garra,GRR,claw
guerra,GRR,war
guerrero,GRRR,warrior
guerrilla,GRRY,guerrilla
grasa,GRS,fat
gris,GRS,gray
grueso,GRS,thick
grito,GRT,scream
gritar,GRTR,shout
grave,GRV,serious
gravedad,GRVDD,gravity
grabar,GRVR,record
grabación,GRVZN,recording
gracia,GRZ,grace
gracias,GRZS,thanks
gracioso,GRZS,funny
gas,GS,gas
gasolina,GSLN,gasoline
gusano,GSN,worm
gasto,GST,expense
gusto,GST,taste
gastar,GSTR,spend
gustar,GSTR,like
gato,GT,cat
gota,GT,drop
guitarra,GTRR,guitar
gabinete,GVNT,cabinet
gobierno,GVRN,government
gobernador,GVRNDR,governor
gobernar,GVRNR,govern
gallo,GY,rooster
gallina,GYN,hen
gozar,GZR,enjoy
idea,ID,idea
ideal,IDL,ideal
ídolo,IDL,idol
ideología,IDLJ,ideology
ideológico,IDLJK,ideological
idioma,IDM,language
identidad,IDNTDD,identity
identificación,IDNTFK,identification
identificar,IDNTFK,identify
idear,IDR,devise
hidrógeno,IDRJN,hydrogen
idiota,IDT,idiot
hígado,IGD,liver
igual,IGL,equal
igualdad,IGLDD,equality
igualmente,IGLMNT,likewise
iglesia,IGLS,church
ignorancia,IGNRNZ,ignorance
ignorar,IGNRR,ignore
hija,IJ,daughter
hijo,IJ,son
hielo,IL,ice
hilo,IL,thread
ilegal,ILGL,illegal
iluminar,ILMNR,illuminate
iluminación,ILMNZN,lighting
ilustrar,ILSTRR,illustrate
ilustración,ILSTRZ,illustration
imagen,IMJN,image
imaginar,IMJNR,imagine
imaginación,IMJNZN,imagination
himno,IMN,anthem
impedir,IMPDR,prevent
impacto,IMPKT,impact
implicar,IMPLKR,imply
impulso,IMPLS,impulse
impulsar,IMPLSR,propel
imponer,IMPNR,impose
imperio,IMPR,empire
imperial,IMPRL,imperial
imprimir,IMPRMR,print
impresionante,IMPRSN,impressive
impresionar,IMPRSN,impress
impresión,IMPRSN,impression
importancia,IMPRTN,importance
importante,IMPRTN,important
importar,IMPRTR,matter
importación,IMPRTZ,import
improvisar,IMPRVS,improvise
imposible,IMPSVL,impossible
impaciencia,IMPZNZ,impatience
imitar,IMTR,imitate
indio,IND,Indian
indiferente,INDFRN,indifferent
indígena,INDJN,indigenous
indicador,INDKDR,indicator
indicar,INDKR,indicate
indicación,INDKZN,indication
independencia,INDPND,independence
independiente,INDPND,independent
industria,INDSTR,industry
industrial,INDSTR,industrial
individual,INDVDL,individual
índice,INDZ,index
inducir,INDZR,induce
influencia,INFLNZ,influence
influir,INFLR,influence
infeliz,INFLZ,unhappy
inflación,INFLZN,inflation
infinito,INFNT,infinite
infancia,INFNZ,childhood
informe,INFRM,report
informar,INFRMR,inform
información,INFRMZ,information
infierno,INFRN,hell
inferior,INFRR,inferior
infección,INFXN,infection
inglés,INGLS,English
ingrediente,INGRDN,ingredient
inaugurar,INGRR,inaugurate
ingreso,INGRS,income
ingresar,INGRSR,enter
inauguración,INGRZN,inauguration
ingenuo,INJN,naive
ingeniero,INJNR,engineer
ingeniería,INJNR,engineering
inclinar,INKLNR,tilt
inclinación,INKLNZ,inclination
incluir,INKLR,include
incluso,INKLS,even
incómodo,INKMD,uncomfortable
inconsciente,INKNSZ,unconscious
incapaz,INKPZ,unable
incrementar,INKRMN,increase
incremento,INKRMN,increase
incorporar,INKRPR,incorporate
increíble,INKRVL,incredible
inquietud,INKTD,unease
inquietar,INKTR,disturb
inolvidable,INLVDV,unforgettable
inmediato,INMDT,immediate
inmediatamente,INMDTM,immediately
inmigrante,INMGRN,immigrant
inmenso,INMNS,immense
inundar,INNDR,flood
inundación,INNDZN,flood
insuficiente,INSFZN,insufficient
inseguridad,INSGRD,insecurity
inscripción,INSKRP,registration
insecto,INSKT,insect
insulto,INSLT,insult
insultar,INSLTR,insult
insinuar,INSNR,insinuate
inesperado,INSPRD,unexpected
inspirar,INSPRR,inspire
insoportable,INSPRT,unbearable
inspiración,INSPRZ,inspiration
insertar,INSRTR,insert
insistir,INSSTR,insist
instalar,INSTLR,install
instalación,INSTLZ,installation
instante,INSTNT,instant
instinto,INSTNT,instinct
instrumento,INSTRM,instrument
instrucción,INSTRX,instruction
instituto,INSTTT,institute
institución,INSTTZ,institution
integridad,INTGRD,integrity
integral,INTGRL,integral
integrar,INTGRR,integrate
integración,INTGRZ,integration
inútil,INTL,useless
inteligencia,INTLJN,intelligence
inteligente,INTLJN,intelligent
intelectual,INTLKT,intellectual
íntimo,INTM,intimate
intimidad,INTMDD,intimacy
intenso,INTNS,intense
intensidad,INTNSD,intensity
intento,INTNT,attempt
intentar,INTNTR,try
intención,INTNZN,intention
introducción,INTRDX,introduction
introducir,INTRDZ,introduce
intercambiar,INTRKM,exchange
intercambio,INTRKM,exchange
interno,INTRN,internal
internacional,INTRNZ,international
interpretación,INTRPR,interpretation
interpretar,INTRPR,interpret
intérprete,INTRPR,interpreter
interior,INTRR,interior
interrogar,INTRRG,interrogate
interrumpir,INTRRM,interrupt
interés,INTRS,interest
interesante,INTRSN,interesting
interesar,INTRSR,interest
intervalo,INTRVL,interval
intervención,INTRVN,intervention
intervenir,INTRVN,intervene
interacción,INTRXN,interaction
intuición,INTZN,intuition
invadir,INVDR,invade
inventar,INVNTR,invent
invención,INVNZN,invention
invierno,INVRN,winter
inversión,INVRSN,investment
invertir,INVRTR,invest
invasión,INVSN,invasion
investigación,INVSTG,research
investigador,INVSTG,researcher
investigar,INVSTG,investigate
invisible,INVSVL,invisible
invitado,INVTD,guest
invitar,INVTR,invite
invitación,INVTZN,invitation
incendio,INZND,fire
inocente,INZNT,innocent
iniciar,INZR,start
incertidumbre,INZRTD,uncertainty
iniciativa,INZTV,initiative
hipótesis,IPTSS,hypothesis
ir,IR,go
ira,IR,anger
irlandés,IRLNDS,Irish
ironía,IRN,irony
irónico,IRNK,ironic
hierro,IRR,iron
irregular,IRRGLR,irregular
irritar,IRRTR,irritate
hierba,IRV,herb
isla,ISL,island
hispano,ISPN,Hispanic
historia,ISTR,history
historiador,ISTRDR,historian
histórico,ISTRK,historic
italiano,ITLN,Italian
izquierda,IZKRD,left
izquierdo,IZKRD,left
judío,JD,Jew
joder,JDR,fuck
judicial,JDZL,judicial
jefe,JF,chief
juego,JG,game
jugo,JG,juice
jugador,JGDR,player
gigante,JGNT,giant
jugar,JGR,play
geografía,JGRF,geography
geográfico,JGRFK,geographic
juguete,JGT,toy
jaula,JL,cage
julio,JL,July
gemir,JMR,moan
jamás,JMS,never
gen,JN,gene
genio,JN,genius
junio,JN,June
genial,JNL,great
género,JNR,gender
general,JNRL,general
generalizar,JNRLZR,generalize
generar,JNRR,generate
generoso,JNRS,generous
generación,JNRZN,generation
gente,JNT,people
jinete,JNT,rider
junta,JNT,board
junto,JNT,together
juntar,JNTR,join
japonés,JPNS,Japanese
jurado,JRD,jury
jardín,JRDN,garden
jornada,JRND,workday
girar,JRR,turn
jurar,JRR,swear
jerarquía,JRRK,hierarchy
jurisdicción,JRSDXN,jurisdiction
gesto,JST,gesture
justo,JST,just
justificar,JSTFKR,justify
gestión,JSTN,management
gestionar,JSTNR,manage
justicia,JSTZ,justice
jabón,JVN,soap
joven,JVN,young
juventud,JVNTD,youth
jueves,JVS,Thursday
joya,JY,jewel
juez,JZ,judge
juicio,JZ,judgment
juzgar,JZGR,judge
que,K,that
qué,K,what
cada,KD,each
caída,KD,fall
codo,KD,elbow
cuidado,KDD,care
código,KDG,code
cadena,KDN,chain
cadera,KDR,hip
cuadro,KDR,picture
cuidar,KDR,care
quedar,KDR,remain
cuadrado,KDRD,square
cuaderno,KDRN,notebook
cadáver,KDVR,corpse
café,KF,coffee
cagar,KGR,shit
caja,KJ,box
queja,KJ,complaint
cajón,KJN,drawer
coger,KJR,take
coca,KK,coca
coco,KK,coconut
cola,KL,tail
culo,KL,ass
cuál,KL,which
kilo,KL,kilo
cálido,KLD,warm
calidad,KLDD,quality
cualidad,KLDD,quality
calificar,KLFKR,grade
colega,KLG,colleague
colgar,KLGR,hang
colegio,KLJ,school
cálculo,KLKL,calculation
calcular,KLKLR,calculate
colocar,KLKR,place
cualquiera,KLKR,anyone
colectivo,KLKTV,collective
calma,KLM,calm
clima,KLM,climate
columna,KLMN,column
calmar,KLMR,calm
climático,KLMTK,climatic
kilómetro,KLMTR,kilometer
colombiano,KLMVN,Colombian
colina,KLN,hill
colonia,KLN,colony
calendario,KLNDR,calendar
clínica,KLNK,clinic
caliente,KLNT,hot
cliente,KLNT,client
calentar,KLNTR,heat
culpa,KLP,guilt
culpable,KLPVL,guilty
calor,KLR,heat
claro,KLR,clear
colar,KLR,strain
color,KLR,color
colorado,KLRD,colored
claridad,KLRDD,clarity
claramente,KLRMNT,clearly
clase,KLS,class
clasificar,KLSFKR,classify
clasificación,KLSFKZ,classification
clásico,KLSK,classic
cultura,KLTR,culture
cultural,KLTRL,cultural
cultivo,KLTV,crop
cultivar,KLTVR,cultivate
clavo,KLV,nail
clavar,KLVR,nail
colaborar,KLVRR,collaborate
colaboración,KLVRZN,collaboration
colchón,KLXN,mattress
colección,KLXN,collection
coalición,KLZN,coalition
cama,KM,bed
como,KM,like
cómo,KM,how
comedia,KMD,comedy
comida,KMD,food
cómodo,KMD,comfortable
comodidad,KMDDD,comfort
comedor,KMDR,diningroom
cómico,KMK,comic
química,KMK,chemistry
químico,KMK,chemical
camino,KMN,road
camión,KMN,truck
común,KMN,common
comunidad,KMNDD,community
comandante,KMNDNT,commander
comunicar,KMNKR,communicate
comunicación,KMNKZN,communication
comunión,KMNN,communion
caminar,KMNR,walk
comunismo,KMNSM,communism
comunista,KMNST,communist
comentar,KMNTR,comment
comienzo,KMNZ,beginning
comenzar,KMNZR,begin
campo,KMP,field
complejo,KMPLJ,complex
complicado,KMPLKD,complicated
complicar,KMPLKR,complicate
complicación,KMPLKZ,complication
complemento,KMPLMN,complement
cumpleaños,KMPLNY,birthday
cumplir,KMPLR,fulfill
completo,KMPLT,complete
completamente,KMPLTM,completely
completar,KMPLTR,complete
complacer,KMPLZR,please
campamento,KMPMNT,camp
campana,KMPN,bell
campeón,KMPN,champion
componente,KMPNNT,component
componer,KMPNR,compose
compensar,KMPNSR,compensate
compensación,KMPNSZ,compensation
campeonato,KMPNT,championship
campaña,KMPNY,campaign
compañía,KMPNY,company
compañero,KMPNYR,companion
compra,KMPR,purchase
comprador,KMPRDR,buyer
compromiso,KMPRMS,commitment
comprometer,KMPRMT,commit
comprender,KMPRND,understand
comprensión,KMPRNS,understanding
comparar,KMPRR,compare
comprar,KMPRR,buy
comportamiento,KMPRTM,behavior
compartir,KMPRTR,share
comprobar,KMPRVR,verify
comparación,KMPRZN,comparison
compás,KMPS,compass
campesino,KMPSN,peasant
compasión,KMPSN,compassion
compuesto,KMPST,compound
compositor,KMPSTR,composer
composición,KMPSZN,composition
computadora,KMPTDR,computer
competente,KMPTNT,competent
competencia,KMPTNZ,competence
compatriota,KMPTRT,compatriot
competición,KMPTZN,competition
comer,KMR,eat
cámara,KMR,camera
quemar,KMR,burn
comercio,KMRZ,commerce
comercial,KMRZL,commercial
comerciante,KMRZNT,merchant
camisa,KMS,shirt
comisión,KMSN,commission
comisaría,KMSR,police-station
camiseta,KMST,t-shirt
comité,KMT,committee
cambio,KMV,change
combinar,KMVNR,combine
combinación,KMVNZN,combination
cambiar,KMVR,change
cumbre,KMVR,summit
combustible,KMVSTV,fuel
combate,KMVT,combat
combatir,KMVTR,combat
con,KN,with
cuna,KN,cradle
quien,KN,who
quién,KN,who
conde,KND,count
cuando,KND,when
cuándo,KND,when
candidato,KNDDT,candidate
candidatura,KNDDTR,candidacy
conducta,KNDKT,conduct
conductor,KNDKTR,conductor
condenar,KNDNR,condemn
canadiense,KNDNS,Canadian
condición,KNDZN,condition
conducir,KNDZR,drive
confederación,KNFDRZ,confederation
configurar,KNFGRR,configure
conflicto,KNFLKT,conflict
confundir,KNFNDR,confuse
confianza,KNFNZ,trust
confiar,KNFR,trust
confirmar,KNFRMR,confirm
conferencia,KNFRNZ,conference
confesión,KNFSN,confession
confusión,KNFSN,confusion
confesar,KNFSR,confess
congregación,KNGRGZ,congregation
congreso,KNGRS,congress
conejo,KNJ,rabbit
congelar,KNJLR,freeze
conjunto,KNJNT,set
cuenca,KNK,basin
concluir,KNKLR,conclude
conclusión,KNKLSN,conclusion
concreto,KNKRT,concrete
conquista,KNKST,conquest
conquistar,KNKSTR,conquer
conectar,KNKTR,connect
canal,KNL,channel
conmigo,KNMG,withme
quinientos,KNNTS,fivehundred
cansado,KNSD,tired
considerar,KNSDRR,consider
considerable,KNSDRV,considerable
consideración,KNSDRZ,consideration
consigo,KNSG,withhimself
conseguir,KNSGR,get
consejo,KNSJ,advice
consejero,KNSJR,adviser
consecuencia,KNSKNZ,consequence
consolar,KNSLR,console
consulta,KNSLT,inquiry
consultar,KNSLTR,consult
consumo,KNSM,consumption
consumir,KNSMR,consume
cansar,KNSR,tire
conservador,KNSRVD,conservative
conservar,KNSRVR,preserve
conservación,KNSRVZ,preservation
consistir,KNSSTR,consist
constante,KNSTNT,constant
constar,KNSTR,consist
construcción,KNSTRX,construction
constitución,KNSTTZ,constitution
consciente,KNSZNT,conscious
canto,KNT,song
cuanto,KNT,asmuch
cuenta,KNT,account
cuento,KNT,story
cuánto,KNT,howmuch
quinto,KNT,fifth
cantidad,KNTDD,quantity
contigo,KNTG,withyou
contacto,KNTKT,contact
contactar,KNTKTR,contact
contaminación,KNTMNZ,pollution
contemplar,KNTMPL,contemplate
contemporáneo,KNTMPR,contemporary
continuo,KNTN,continuous
contenido,KNTND,content
continuidad,KNTNDD,continuity
continental,KNTNNT,continental
continente,KNTNNT,continent
contener,KNTNR,contain
continuar,KNTNR,continue
cantante,KNTNT,singer
contento,KNTNT,happy
continuación,KNTNZN,continuation
cantar,KNTR,sing
contar,KNTR,tell
contra,KNTR,against
contradicción,KNTRDX,contradiction
control,KNTRL,control
controlar,KNTRLR,control
contrario,KNTRR,contrary
contrastar,KNTRST,contrast
contraste,KNTRST,contrast
contrato,KNTRT,contract
contratar,KNTRTR,hire
contribuir,KNTRVR,contribute
contribución,KNTRVZ,contribution
contestar,KNTSTR,answer
contexto,KNTXT,context
convocar,KNVKR,convene
convenir,KNVNR,suit
convento,KNVNT,convent
convencer,KNVNZR,convince
conversar,KNVRSR,converse
conversación,KNVRSZ,conversation
convertir,KNVRTR,convert
convicción,KNVXN,conviction
cancha,KNX,field
concha,KNX,shell
conexión,KNXN,connection
caña,KNY,cane
cuñado,KNYD,brotherinlaw
cañón,KNYN,canyon
quince,KNZ,fifteen
conocido,KNZD,acquaintance
coincidir,KNZDR,coincide
conceder,KNZDR,grant
cancelar,KNZLR,cancel
conocimiento,KNZMNT,knowledge
canción,KNZN,song
concentración,KNZNTR,concentration
concentrar,KNZNTR,concentrate
conciencia,KNZNZ,conscience
concepto,KNZPT,concept
concepción,KNZPZN,conception
conocer,KNZR,know
cáncer,KNZR,cancer
concierto,KNZRT,concert
capa,KP,layer
copa,KP,cup
copia,KP,copy
cúpula,KPL,dome
copiar,KPR,copy
capricho,KPRX,whim
cooperación,KPRZN,cooperation
capital,KPTL,capital
capítulo,KPTL,chapter
capitalismo,KPTLSM,capitalism
capitalista,KPTLST,capitalist
capitán,KPTN,captain
captar,KPTR,capture
capturar,KPTRR,capture
capilla,KPY,chapel
capaz,KPZ,capable
capacidad,KPZDD,capacity
caer,KR,fall
cara,KR,face
caro,KR,expensive
coro,KR,choir
cuero,KR,leather
cura,KR,priest
crudo,KRD,raw
cuerda,KRD,rope
caridad,KRDD,charity
cardenal,KRDNL,cardinal
coordinar,KRDNR,coordinate
coordinación,KRDNZN,coordination
crédito,KRDT,credit
credibilidad,KRDVLD,credibility
cordillera,KRDYR,mountainrange
carga,KRG,load
cargo,KRG,charge
cargar,KRGR,load
coraje,KRJ,courage
crujir,KRJR,creak
caracol,KRKL,snail
carácter,KRKTR,character
característica,KRKTRS,characteristic
caracterizar,KRKTRZ,characterize
cruel,KRL,cruel
crema,KRM,cream
crimen,KRMN,crime
criminal,KRMNL,criminal
carne,KRN,meat
corona,KRN,crown
cráneo,KRN,skull
cuerno,KRN,horn
crónica,KRNK,chronicle
coronel,KRNL,colonel
coronar,KRNR,crown
cuarenta,KRNT,forty
carnaval,KRNVL,carnival
cariñoso,KRNYS,affectionate
creencia,KRNZ,belief
cuerpo,KRP,body
corporal,KRPRL,corporal
corporación,KRPRZN,corporation
carpeta,KRPT,folder
carro,KRR,car
correo,KRR,mail
crear,KRR,create
creer,KRR,believe
criar,KRR,raise
curar,KRR,heal
querer,KRR,want
corredor,KRRDR,corridor
corregir,KRRJR,correct
correcto,KRRKT,correct
corral,KRRL,corral
corriente,KRRNT,current
corrupción,KRRPZN,corruption
carrera,KRRR,career
correr,KRRR,run
carretera,KRRTR,road
corrección,KRRXN,correction
curioso,KRS,curious
curso,KRS,course
curiosidad,KRSDD,curiosity
crisis,KRSS,crisis
cristal,KRSTL,glass
cristiano,KRSTN,Christian
cristianismo,KRSTNS,Christianity
carta,KRT,letter
corte,KRT,cut
corto,KRT,short
cuarto,KRT,room
crítica,KRTK,criticism
crítico,KRTK,critic
criticar,KRTKR,criticize
cartel,KRTL,poster
cuartel,KRTL,barracks
cartón,KRTN,cardboard
cortina,KRTN,curtain
cartera,KRTR,wallet
cortar,KRTR,cut
criatura,KRTR,creature
criterio,KRTR,criterion
creatividad,KRTVDD,creativity
corteza,KRTZ,bark
curva,KRV,curve
carbono,KRVN,carbon
carbón,KRVN,coal
corbata,KRVT,tie
caricia,KRZ,caress
cruce,KRZ,crossing
cruz,KRZ,cross
cruzado,KRZD,crusader
cárcel,KRZL,jail
crecimiento,KRZMNT,growth
corazón,KRZN,heart
creación,KRZN,creation
carecer,KRZR,lack
crecer,KRZR,grow
cruzar,KRZR,cross
caos,KS,chaos
casa,KS,house
casi,KS,almost
caso,KS,case
causa,KS,cause
cosa,KS,thing
queso,KS,cheese
casado,KSD,married
casco,KSK,helmet
casualidad,KSLDD,coincidence
casar,KSR,marry
causar,KSR,cause
coser,KSR,sew
costa,KST,coast
castigo,KSTG,punishment
castigar,KSTGR,punish
costumbre,KSTMVR,custom
cuestión,KSTN,question
costar,KSTR,cost
costoso,KSTS,costly
castillo,KSTY,castle
castellano,KSTYN,Castilian
cosecha,KSX,harvest
cuota,KT,quota
quieto,KT,still
catedral,KTDRL,cathedral
categoría,KTGR,category
catálogo,KTLG,catalog
católico,KTLK,Catholic
cuatro,KTR,four
quitar,KTR,remove
catorce,KTRZ,fourteen
catástrofe,KTSTRF,catastrophe
cabo,KV,cape
cueva,KV,cave
cable,KVL,cable
cubano,KVN,Cuban
cobre,KVR,copper
cubrir,KVRR,cover
quebrar,KVRR,break
cubierta,KVRT,cover
cubierto,KVRT,covered
caballo,KVY,horse
cabello,KVY,hair
caballero,KVYR,gentleman
cabellera,KVYR,mane
cabeza,KVZ,head
cabecera,KVZR,header
coche,KX,car
cuchillo,KXY,knife
calle,KY,street
cuello,KY,neck
cuyo,KY,whose
callar,KYR,silence
collar,KYR,necklace
caza,KZ,hunt
cazador,KZDR,hunter
cocina,KZN,kitchen
cocinar,KZNR,cook
cazar,KZR,hunt
quizás,KZS,maybe
la,L,the
le,L,him
lo,L,it
lado,LD,side
líder,LDR,leader
ladrón,LDRN,thief
ladrillo,LDRY,brick
liderazgo,LDRZG,leadership
lago,LG,lake
liga,LG,league
luego,LG,then
legal,LGL,legal
laguna,LGN,lagoon
ligar,LGR,link
lugar,LGR,place
lágrima,LGRM,tear
lograr,LGRR,achieve
lujo,LJ,luxury
lógica,LJK,logic
lógico,LJK,logical
lejano,LJN,distant
ligero,LJR,light
ligeramente,LJRMNT,slightly
lejos,LJS,far
legislación,LJSLZN,legislation
legítimo,LJTM,legitimate
loco,LK,crazy
líquido,LKD,liquid
local,LKL,local
localidad,LKLDD,locality
localizar,LKLZR,locate
locura,LKR,madness
lector,LKTR,reader
lectura,LKTR,reading
lealtad,LLTD,loyalty
lomo,LM,loin
limón,LMN,lemon
lámina,LMN,sheet
luminoso,LMNS,bright
lamento,LMNT,lament
lamentar,LMNTR,lament
limpio,LMP,clean
limpiar,LMPR,clean
lámpara,LMPR,lamp
limpieza,LMPZ,cleaning
límite,LMT,limit
limitado,LMTD,limited
limitar,LMTR,limit
limitación,LMTZN,limitation
lana,LN,wool
león,LN,lion
luna,LN,moon
línea,LN,line
lindo,LND,cute
lengua,LNG,tongue
lenguaje,LNGJ,language
longitud,LNJTD,length
lunes,LNS,Monday
lente,LNT,lens
lento,LNT,slow
lentamente,LNTMNT,slowly
lingüístico,LNUSTK,linguistic
leña,LNY,firewood
lienzo,LNZ,canvas
lanzamiento,LNZMNT,launch
lanzar,LNZR,launch
lápiz,LPZ,pencil
leer,LR,read
largo,LRG,long
las,LS,the
les,LS,them
liso,LS,smooth
los,LS,the
lista,LST,list
listo,LST,ready
lástima,LSTM,pity
lata,LT,can
latino,LTN,Latino
latín,LTN,Latin
latir,LTR,beat
letra,LTR,letter
litro,LTR,liter
literario,LTRR,literary
literatura,LTRTR,literature
labio,LV,lip
leve,LV,slight
lobo,LV,wolf
levantar,LVNTR,raise
lavar,LVR,wash
libra,LVR,pound
libre,LVR,free
libro,LVR,book
liberal,LVRL,liberal
laberinto,LVRNT,labyrinth
liberar,LVRR,free
librar,LVRR,release
librería,LVRR,bookstore
laboratorio,LVRTR,laboratory
liberación,LVRZN,liberation
leche,LX,milk
lecho,LX,bed
lucha,LX,fight
lección,LXN,lesson
luchar,LXR,fight
leyenda,LYND,legend
lazo,LZ,tie
luz,LZ,light
licencia,LZNZ,license
licenciar,LZNZR,license
lucir,LZR,shine
me,M,me
mi,M,my
mí,M,me
mía,M,mine
mío,M,mine
media,MD,stocking
medio,MD,means
miedo,MD,fear
moda,MD,fashion
modo,MD,way
mudo,MD,mute
medida,MDD,measure
mediodía,MDD,noon
modificar,MDFKR,modify
modificación,MDFKZN,modification
médico,MDK,doctor
medicamento,MDKMNT,medicine
modelo,MDL,model
medianoche,MDNX,midnight
madera,MDR,wood
madre,MDR,mother
maduro,MDR,mature
medir,MDR,measure
mudar,MDR,move
madrugada,MDRGD,dawn
madrileño,MDRLNY,Madrilenian
moderno,MDRN,modern
madurar,MDRR,mature
madurez,MDRZ,maturity
modesto,MDST,modest
meditar,MDTR,meditate
mediterráneo,MDTRRN,Mediterranean
meditación,MDTZN,meditation
medieval,MDVL,medieval
medalla,MDY,medal
medicina,MDZN,medicine
medición,MDZN,measurement
magnífico,MGNFK,magnificent
magnitud,MGNTD,magnitude
magnético,MGNTK,magnetic
magia,MJ,magic
mojado,MJD,wet
mágico,MJK,magical
mejor,MJR,better
mejora,MJR,improvement
mojar,MJR,wet
mujer,MJR,woman
mejorar,MJRR,improve
magistrado,MJSTRD,magistrate
mejilla,MJY,cheek
mueca,MK,grimace
máquina,MKN,machine
mecánica,MKNK,mechanics
mecánico,MKNK,mechanic
mecanismo,MKNSM,mechanism
maquillaje,MKYJ,makeup
mal,ML,bad
malo,ML,bad
miel,ML,honey
mil,ML,thousand
melodía,MLD,melody
molde,MLD,mold
maldad,MLDD,evil
maldecir,MLDZR,curse
milagro,MLGR,miracle
molécula,MLKL,molecule
milenio,MLN,millennium
melancolía,MLNKL,melancholy
molesto,MLST,annoyed
molestar,MLSTR,bother
maleta,MLT,suitcase
multa,MLT,fine
multiplicar,MLTPLK,multiply
militar,MLTR,military
multitud,MLTTD,crowd
mamá,MM,mom
mamífero,MMFR,mammal
momento,MMNT,moment
memoria,MMR,memory
miembro,MMVR,member
mano,MN,hand
menú,MN,menu
mina,MN,mine
mono,MN,monkey
mando,MND,control
menudo,MND,often
moneda,MND,coin
mundo,MND,world
mundial,MNDL,global
mandar,MNDR,send
mandato,MNDT,mandate
manifestar,MNFSTR,manifest
manifestación,MNFSTZ,demonstration
manga,MNG,sleeve
mango,MNG,mango
monja,MNJ,nun
manejar,MNJR,handle
manual,MNL,manual
mínimo,MNM,minimum
monumento,MNMNT,monument
monopolio,MNPL,monopoly
manipular,MNPLR,manipulate
manipulación,MNPLZN,manipulation
manera,MNR,manner
menor,MNR,younger
minero,MNR,miner
minoría,MNR,minority
monarca,MNRK,monarch
monarquía,MNRK,monarchy
mineral,MNRL,mineral
menos,MNS,less
mensaje,MNSJ,message
manuscrito,MNSKRT,manuscript
mensual,MNSL,monthly
ministerio,MNSTR,ministry
ministro,MNSTR,minister
monasterio,MNSTR,monastery
monstruo,MNSTR,monster
manta,MNT,blanket
manto,MNT,mantle
mente,MNT,mind
minuto,MNT,minute
monte,MNT,mountain
mental,MNTL,mental
montón,MNTN,heap
mantener,MNTNR,maintain
montaña,MNTNY,mountain
montañoso,MNTNYS,mountainous
mentir,MNTR,lie
mentira,MNTR,lie
mientras,MNTRS,while
mancha,MNX,stain
muñeca,MNYK,doll
mañana,MNYN,morning
manzana,MNZN,apple
mención,MNZN,mention
mencionar,MNZNR,mention
municipio,MNZP,municipality
municipal,MNZPL,municipal
mapa,MP,map
mar,MR,sea
marea,MR,tide
mero,MR,mere
muro,MR,wall
marido,MRD,husband
mierda,MRD,shit
mirada,MRD,gaze
morder,MRDR,bite
margen,MRJN,margin
marca,MRK,brand
marco,MRK,frame
mercado,MRKD,market
miércoles,MRKLS,Wednesday
marcar,MRKR,mark
moral,MRL,moral
mármol,MRML,marble
marino,MRN,marine
moreno,MRN,brunette
mariposa,MRPS,butterfly
mirar,MRR,look
morir,MRR,die
muerte,MRT,death
muerto,MRT,dead
mortal,MRTL,mortal
martes,MRTS,Tuesday
maravilla,MRVY,marvel
maravilloso,MRVYS,marvelous
marcha,MRX,march
marchar,MRXR,march
muralla,MRY,wall
marzo,MRZ,March
merced,MRZD,mercy
merecer,MRZR,deserve
mas,MS,but
masa,MS,mass
mes,MS,month
mesa,MS,table
mis,MS,my
misa,MS,mass
museo,MS,museum
más,MS,more
mosca,MSK,fly
música,MSK,music
músico,MSK,musician
musical,MSKL,musical
músculo,MSKL,muscle
masculino,MSKLN,masculine
muscular,MSKLR,muscular
máscara,MSKR,mask
muslo,MSL,thigh
musulmán,MSLMN,Muslim
mismo,MSM,same
misión,MSN,mission
miseria,MSR,misery
misericordia,MSRKRD,mercy
miserable,MSRVL,miserable
maestro,MSTR,teacher
misterio,MSTR,mystery
muestra,MSTR,sample
mostrar,MSTRR,show
misterioso,MSTRS,mysterious
meta,MT,goal
mito,MT,myth
moto,MT,motorcycle
mitad,MTD,half
método,MTD,method
metodología,MTDLJ,methodology
metal,MTL,metal
matemática,MTMTK,mathematics
matemático,MTMTK,mathematical
matar,MTR,kill
materia,MTR,matter
meter,MTR,put
metro,MTR,meter
motor,MTR,engine
material,MTRL,material
matrimonio,MTRMN,marriage
motivo,MTV,reason
motivar,MTVR,motivate
motivación,MTVZN,motivation
matiz,MTZ,nuance
mueble,MVL,furniture
móvil,MVL,mobile
movilidad,MVLDD,mobility
movimiento,MVMNT,movement
macho,MX,male
mucho,MX,much
mexicano,MXKN,Mexican
máximo,MXM,maximum
muchacha,MXX,girl
muchacho,MXX,boy
mayo,MY,May
muy,MY,very
millón,MYN,million
mayor,MYR,greater
mayoría,MYR,majority
maíz,MZ,corn
mozo,MZ,waiter
mezcla,MZKL,mixture
mezclar,MZKLR,mix
ni,N,nor
no,N,no
nada,ND,nothing
nadie,ND,nobody
nido,ND,nest
nudo,ND,knot
nadar,NDR,swim
negar,NGR,deny
negro,NGR,black
negativa,NGTV,refusal
negativo,NGTV,negative
negocio,NGZ,business
negociar,NGZR,negotiate
negociación,NGZZN,negotiation
núcleo,NKL,core
nuclear,NKLR,nuclear
nocturno,NKTRN,nocturnal
número,NMR,number
numeroso,NMRS,numerous
nombre,NMVR,name
nombramiento,NMVRMN,appointment
nombrar,NMVRR,name
nene,NN,baby
ninguno,NNGN,none
nunca,NNK,never
niña,NNY,girl
niño,NNY,boy
niñez,NNYZ,childhood
norma,NRM,norm
normal,NRML,normal
normalmente,NRMLMN,normally
naranja,NRNJ,orange
narrar,NRRR,narrate
narración,NRRZN,narration
noroeste,NRST,northwest
norte,NRT,north
nervio,NRV,nerve
nervioso,NRVS,nervous
nariz,NRZ,nose
nos,NS,us
nuestra,NSTR,our
nuestro,NSTR,our
nosotras,NSTRS,we
nosotros,NSTRS,we
nuestros,NSTRS,our
nieto,NT,grandson
nota,NT,note
notar,NTR,notice
natural,NTRL,natural
naturalmente,NTRLMN,naturally
naturaleza,NTRLZ,nature
nativo,NTV,native
notable,NTVL,notable
noticia,NTZ,news
nave,NV,ship
nieve,NV,snow
novia,NV,bride
novio,NV,groom
nube,NV,cloud
nueve,NV,nine
nuevo,NV,new
novedad,NVDD,novelty
navegar,NVGR,navigate
navegación,NVGZN,navigation
naval,NVL,naval
niebla,NVL,fog
nivel,NVL,level
noble,NVL,noble
novela,NVL,novel
nobleza,NVLZ,nobility
noviembre,NVMVR,November
noventa,NVNT,ninety
noche,NX,night
nacimiento,NZMNT,birth
nación,NZN,nation
noción,NZN,notion
nacional,NZNL,national
nacionalidad,NZNLDD,nationality
nacionalista,NZNLST,nationalist
nacer,NZR,beborn
necesidad,NZSDD,need
necesario,NZSR,necessary
necesitar,NZSTR,need
o,O,or
odio,OD,hatred
oído,OD,hearing
odiar,ODR,hate
ofender,OFNDR,offend
ofensiva,OFNSV,offensive
oferta,OFRT,offer
ofrecer,OFRZR,offer
oficial,OFZL,official
oficina,OFZN,office
hogar,OGR,home
hoja,OJ,leaf
ojo,OJ,eye
ojalá,OJL,hopefully
oculto,OKLT,hidden
ocultar,OKLTR,hide
ocupar,OKPR,occupy
ocupación,OKPZN,occupation
ocurrir,OKRRR,occur
ocasión,OKSN,occasion
octubre,OKTVR,October
hola,OL,hello
ola,OL,wave
olímpico,OLMPK,Olympic
holandés,OLNDS,Dutch
oler,OLR,smell
olor,OLR,smell
olvido,OLVD,oblivion
olvidar,OLVDR,forget
hombre,OMVR,man
hombro,OMVR,shoulder
hondo,OND,deep
onda,OND,wave
hongo,ONG,fungus
honor,ONR,honor
honrar,ONRR,honor
honesto,ONST,honest
once,ONZ,eleven
opinión,OPNN,opinion
opinar,OPNR,opine
ópera,OPR,opera
operar,OPRR,operate
oportuno,OPRTN,timely
oportunidad,OPRTND,opportunity
operación,OPRZN,operation
oposición,OPSZN,opposition
optimista,OPTMST,optimist
optar,OPTR,opt
opción,OPZN,option
hora,OR,hour
oro,OR,gold
oír,OR,hear
orden,ORDN,order
ordenador,ORDNDR,computer
ordenar,ORDNR,order
ordinario,ORDNR,ordinary
órgano,ORGN,organ
orgánico,ORGNK,organic
organismo,ORGNSM,organism
organizar,ORGNZR,organize
organización,ORGNZZ,organization
orgullo,ORGY,pride
orgulloso,ORGYS,proud
oreja,ORJ,ear
origen,ORJN,origin
original,ORJNL,original
originar,ORJNR,originate
orquesta,ORKST,orchestra
oral,ORL,oral
hormiga,ORMG,ant
hormona,ORMN,hormone
horno,ORN,oven
oriente,ORNT,east
oriental,ORNTL,eastern
orientar,ORNTR,orient
orientación,ORNTZN,orientation
horario,ORR,schedule
orar,ORR,pray
horror,ORRR,horror
horrible,ORRVL,horrible
órbita,ORVT,orbit
orilla,ORY,shore
oración,ORZN,sentence
horizonte,ORZNT,horizon
horizontal,ORZNTL,horizontal
os,OS,you
oso,OS,bear
oscuro,OSKR,dark
oscuridad,OSKRDD,darkness
oscurecer,OSKRZR,darken
hospital,OSPTL,hospital
oeste,OST,west
oscilar,OSZLR,oscillate
hotel,OTL,hotel
otoño,OTNY,autumn
otro,OTR,other
otorgar,OTRGR,grant
obedecer,OVDZR,obey
oveja,OVJ,sheep
objeto,OVJT,object
objetivo,OVJTV,objective
obligar,OVLGR,oblige
obligación,OVLGZN,obligation
obra,OVR,work
obrero,OVRR,worker
obispo,OVSP,bishop
observador,OVSRVD,observer
observar,OVSRVR,observe
observación,OVSRVZ,observation
obsesión,OVSSN,obsession
obstáculo,OVSTKL,obstacle
obtener,OVTNR,obtain
ocho,OX,eight
occidental,OXDNTL,western
oxígeno,OXJN,oxygen
ochenta,OXNT,eighty
hoy,OY,today
olla,OY,pot
océano,OZN,ocean
pie,P,foot
piedad,PDD,pity
padre,PDR,father
pedir,PDR,request
piedra,PDR,stone
poder,PDR,can
pudrir,PDRR,rot
poderoso,PDRS,powerful
pedazo,PDZ,piece
padecer,PDZR,suffer
pegar,PGR,hit
paja,PJ,straw
página,PJN,page
pájaro,PJR,bird
pico,PK,beak
poco,PK,little
pecado,PKD,sin
peculiar,PKLR,peculiar
pequeño,PKNY,small
pecar,PKR,sin
picar,PKR,sting
pacto,PKT,pact
paquete,PKT,package
palo,PL,stick
pelea,PL,fight
pelo,PL,hair
piel,PL,skin
pila,PL,battery
polo,PL,pole
pálido,PLD,pale
peligro,PLGR,danger
peligroso,PLGRS,dangerous
placa,PLK,plate
polaco,PLK,Polish
película,PLKL,movie
palma,PLM,palm
paloma,PLM,dove
plomo,PLM,lead
pluma,PLM,feather
pulmón,PLMN,lung
palmera,PLMR,palm-tree
plan,PLN,plan
plano,PLN,plan
pleno,PLN,full
planear,PLNR,plan
planeta,PLNT,planet
planta,PLNT,plant
plantar,PLNTR,plant
plantilla,PLNTY,template
plancha,PLNX,iron
pelear,PLR,fight
pulso,PLS,pulse
plástico,PLSTK,plastic
pelota,PLT,ball
piloto,PLT,pilot
plata,PLT,silver
plato,PLT,plate
política,PLTK,politics
político,PLTK,politician
polvo,PLV,dust
palabra,PLVR,word
playa,PLY,beach
palacio,PLZ,palace
plaza,PLZ,square
plazo,PLZ,term
policía,PLZ,police
placer,PLZR,pleasure
poema,PM,poem
pan,PN,bread
pena,PN,sorrow
peón,PN,pawn
piano,PN,piano
pino,PN,pine
pendiente,PNDNT,pending
pánico,PNK,panic
península,PNNSL,peninsula
poner,PNR,put
panorama,PNRM,panorama
pensamiento,PNSMNT,thought
pensar,PNSR,think
puente,PNT,bridge
punta,PNT,tip
punto,PNT,point
pantalón,PNTLN,pants
pintar,PNTR,paint
pintor,PNTR,painter
pintura,PNTR,painting
penetrar,PNTRR,penetrate
pantalla,PNTY,screen
puño,PNY,fist
pañuelo,PNYL,handkerchief
papa,PP,pope
papá,PP,dad
papel,PPL,paper
pupila,PPL,pupil
popular,PPLR,popular
par,PR,pair
para,PR,for
paro,PR,unemployment
peor,PR,worse
pero,PR,but
por,PR,by
puro,PR,pure
pared,PRD,wall
período,PRD,period
prado,PRD,meadow
perdido,PRDD,lost
pérdida,PRDD,loss
periódico,PRDK,newspaper
producto,PRDKT,product
productor,PRDKTR,producer
productividad,PRDKTV,productivity
perdonar,PRDNR,forgive
prudente,PRDNT,prudent
perder,PRDR,lose
periodismo,PRDSM,journalism
periodista,PRDST,journalist
producción,PRDXN,production
predecir,PRDZR,predict
producir,PRDZR,produce
perfecto,PRFKT,perfect
perfil,PRFL,profile
perfume,PRFM,perfume
profundo,PRFND,deep
profundidad,PRFNDD,depth
profundizar,PRFNDZ,deepen
preferencia,PRFRNZ,preference
preferir,PRFRR,prefer
profesión,PRFSN,profession
profesor,PRFSR,teacher
profeta,PRFT,prophet
perfección,PRFXN,perfection
perfeccionar,PRFXNR,perfect
pregunta,PRGNT,question
preguntar,PRGNTR,ask
programa,PRGRM,program
programar,PRGRMR,program
programación,PRGRMZ,programming
progreso,PRGRS,progress
prohibir,PRIVR,forbid
prohibición,PRIVZN,prohibition
pareja,PRJ,couple
perjudicar,PRJDKR,harm
prejuicio,PRJZ,prejudice
parque,PRK,park
porque,PRK,because
porqué,PRK,reason
proclamar,PRKLMR,proclaim
preocupar,PRKPR,worry
preocupación,PRKPZN,worry
procurar,PRKRR,seek
práctica,PRKTK,practice
práctico,PRKTK,practical
practicar,PRKTKR,practice
precaución,PRKZN,caution
perla,PRL,pearl
paralelo,PRLL,parallel
parlamento,PRLMNT,parliament
prolongar,PRLNGR,prolong
paralizar,PRLZR,paralyze
premio,PRM,prize
prima,PRM,cousin
primo,PRM,cousin
pirámide,PRMD,pyramid
permanente,PRMNNT,permanent
permanecer,PRMNZR,remain
primero,PRMR,first
permiso,PRMS,permission
promesa,PRMS,promise
parámetro,PRMTR,parameter
permitir,PRMTR,permit
prometer,PRMTR,promise
primavera,PRMVR,spring
promoción,PRMZN,promotion
peruano,PRN,Peruvian
pierna,PRN,leg
prenda,PRND,garment
prender,PRNDR,light
pronunciar,PRNNZR,pronounce
prensa,PRNS,press
pariente,PRNT,relative
pronto,PRNT,soon
principio,PRNZP,principle
príncipe,PRNZP,prince
principal,PRNZPL,main
principalmente,PRNZPL,mainly
princesa,PRNZS,princess
propio,PRP,own
párpado,PRPD,eyelid
propiedad,PRPDD,property
propaganda,PRPGND,propaganda
proponer,PRPNR,propose
preparado,PRPRD,prepared
preparar,PRPRR,prepare
preparación,PRPRZN,preparation
proporción,PRPRZN,proportion
propuesta,PRPST,proposal
propósito,PRPST,purpose
propietario,PRPTR,owner
parar,PRR,stop
parir,PRR,givebirth
perro,PRR,dog
parroquia,PRRK,parish
paraíso,PRS,paradise
presa,PRS,dam
prisa,PRS,hurry
prosa,PRS,prose
presidente,PRSDNT,president
presidir,PRSDR,preside
perseguir,PRSGR,pursue
persecución,PRSKZN,persecution
presumir,PRSMR,boast
persona,PRSN,person
presión,PRSN,pressure
prisión,PRSN,prison
personaje,PRSNJ,character
personal,PRSNL,personal
personalidad,PRSNLD,personality
presionar,PRSNR,press
prisionero,PRSNR,prisoner
presente,PRSNT,present
presentar,PRSNTR,present
presentir,PRSNTR,anticipate
presentación,PRSNTZ,presentation
presencia,PRSNZ,presence
perspectiva,PRSPKT,perspective
presupuesto,PRSPST,budget
persistir,PRSSTR,persist
prestigio,PRSTJ,prestige
préstamo,PRSTM,loan
prestar,PRSTR,lend
parte,PRT,part
parto,PRT,birth
puerta,PRT,door
puerto,PRT,port
partida,PRTD,match
partido,PRTD,party
portada,PRTD,cover
partidario,PRTDR,supporter
protagonista,PRTGNS,protagonist
portugués,PRTGS,Portuguese
proteger,PRTJR,protect
partícula,PRTKL,particle
particular,PRTKLR,particular
protector,PRTKTR,protector
portal,PRTL,portal
proteína,PRTN,protein
pretender,PRTNDR,intend
pertenecer,PRTNZR,belong
partir,PRTR,split
portero,PRTR,doorman
protesta,PRTST,protest
protección,PRTXN,protection
participar,PRTZPR,participate
participación,PRTZPZ,participation
prueba,PRV,test
privado,PRVD,private
provocar,PRVKR,provoke
privilegio,PRVLJ,privilege
problema,PRVLM,problem
prevenir,PRVNR,prevent
provincia,PRVNZ,province
prevención,PRVNZN,prevention
prever,PRVR,foresee
privar,PRVR,deprive
probar,PRVR,try
proveer,PRVR,provide
previsión,PRVSN,forecast
probable,PRVVL,probable
probabilidad,PRVVLD,probability
probablemente,PRVVLM,probably
provecho,PRVX,benefit
próximo,PRXM,next
proximidad,PRXMDD,proximity
proyecto,PRYKT,project
proyectar,PRYKTR,project
precio,PRZ,price
procedimiento,PRZDMN,procedure
precedente,PRZDNT,precedent
preceder,PRZDR,precede
proceder,PRZDR,proceed
parcial,PRZL,partial
porción,PRZN,portion
porcentaje,PRZNTJ,percentage
precipitar,PRZPTR,rush
precipitación,PRZPTZ,precipitation
percepción,PRZPZN,perception
parecer,PRZR,seem
precioso,PRZS,precious
preciso,PRZS,precise
proceso,PRZS,process
percibir,PRZVR,perceive
paseo,PS,stroll
pausa,PS,pause
país,PS,country
peso,PS,weight
poesía,PS,poetry
pues,PS,well
pasado,PSD,past
pesado,PSD,heavy
pesadilla,PSDY,nightmare
paisaje,PSJ,landscape
pasajero,PSJR,passenger
pesca,PSK,fishing
pescado,PSKD,fish
pescador,PSKDR,fisherman
psicólogo,PSKLG,psychologist
psicología,PSKLJ,psychology
psicológico,PSKLJK,psychological
pescar,PSKR,fish
pasión,PSN,passion
pasar,PSR,pass
pasear,PSR,stroll
pesar,PSR,weigh
pisar,PSR,step
poseer,PSR,possess
posesión,PSSN,possession
pasta,PST,pasta
pasto,PST,pasture
peseta,PST,peseta
pista,PST,clue
puesto,PST,position
pistola,PSTL,pistol
pestaña,PSTNY,eyelash
pastor,PSTR,shepherd
postre,PSTR,dessert
posterior,PSTRR,later
positivo,PSTV,positive
pasivo,PSV,passive
posible,PSVL,possible
posibilidad,PSVLDD,possibility
pasillo,PSY,hallway
piscina,PSZN,pool
posición,PSZN,position
pata,PT,paw
patio,PT,courtyard
pato,PT,duck
poeta,PT,poet
puta,PT,prostitute
patada,PTD,kick
poético,PTK,poetic
potencia,PTNZ,power
patria,PTR,homeland
petróleo,PTRL,oil
patrón,PTRN,pattern
petición,PTZN,request
pueblo,PVL,town
público,PVLK,public
publicar,PVLKR,publish
publicación,PVLKZN,publication
publicidad,PVLZDD,advertising
población,PVLZN,population
pobre,PVR,poor
pobreza,PVRZ,poverty
pecho,PX,chest
pillar,PYR,catch
paz,PZ,peace
pez,PZ,fish
pieza,PZ,piece
pozo,PZ,well
pacífico,PZFK,peaceful
paciente,PZNT,patient
paciencia,PZNZ,patience
río,R,river
radio,RD,radio
red,RD,network
rueda,RD,wheel
ruido,RD,noise
radical,RDKL,radical
ridículo,RDKL,ridiculous
redactar,RDKTR,draft
redondo,RDND,round
rodar,RDR,roll
rodear,RDR,surround
redacción,RDXN,writing
reducción,RDXN,reduction
rodilla,RDY,knee
radiación,RDZN,radiation
reducir,RDZR,reduce
ráfaga,RFG,burst
refugio,RFJ,refuge
reflejo,RFLJ,reflection
reflejar,RFLJR,reflect
reflexión,RFLXN,reflection
reflexionar,RFLXNR,reflect
reforma,RFRM,reform
reformar,RFRMR,reform
referencia,RFRNZ,reference
referir,RFRR,refer
regalo,RGL,gift
regla,RGL,rule
reglamento,RGLMNT,regulation
regalar,RGLR,gift
regular,RGLR,regular
regulación,RGLZN,regulation
regar,RGR,water
rigor,RGR,rigor
rogar,RGR,beg
regreso,RGRS,return
regresar,RGRSR,return
reja,RJ,grille
rojo,RJ,red
régimen,RJMN,regime
región,RJN,region
regional,RJNL,regional
regir,RJR,govern
registro,RJSTR,register
registrar,RJSTRR,register
rico,RK,rich
roca,RK,rock
recoger,RKJR,collect
reclamar,RKLMR,claim
recomendar,RKMNDR,recommend
recomendación,RKMNDZ,recommendation
reconstruir,RKNSTR,rebuild
reconocimiento,RKNZMN,recognition
reconocer,RKNZR,recognize
recuperar,RKPRR,recover
recuperación,RKPRZN,recovery
recuerdo,RKRD,memory
recordar,RKRDR,remember
requerir,RKRR,require
recorrido,RKRRD,route
recorrer,RKRRR,travel
recurrir,RKRRR,resort
requisito,RKST,requirement
recto,RKT,straight
recobrar,RKVRR,recover
riqueza,RKZ,wealth
real,RL,real
realidad,RLDD,reality
reloj,RLJ,clock
religión,RLJN,religion
religioso,RLJS,religious
relámpago,RLMPG,lightning
relato,RLT,story
relatar,RLTR,narrate
relativo,RLTV,relative
relieve,RLV,relief
relación,RLZN,relation
relacionar,RLZNR,relate
realizar,RLZR,carryout
rama,RM,branch
ramo,RM,bouquet
remedio,RMD,remedy
romano,RMN,Roman
romántico,RMNTK,romantic
romance,RMNZ,romance
romper,RMPR,break
rumor,RMR,rumor
rematar,RMTR,finish
remitir,RMTR,send
rumbo,RMV,course
reina,RN,queen
reino,RN,kingdom
ruina,RN,ruin
reinado,RND,reign
rendimiento,RNDMNT,performance
rencor,RNKR,grudge
reunión,RNN,meeting
renunciar,RNNZR,resign
reinar,RNR,reign
reunir,RNR,gather
renta,RNT,rent
renovar,RNVR,renew
ropa,RP,clothes
rápido,RPD,fast
rápidamente,RPDMNT,quickly
repentino,RPNTN,sudden
ropero,RPR,closet
reproducción,RPRDXN,reproduction
reproducir,RPRDZR,reproduce
reprimir,RPRMR,repress
reparar,RPRR,repair
represión,RPRSN,repression
representación,RPRSNT,representation
representante,RPRSNT,representative
representar,RPRSNT,represent
repartir,RPRTR,distribute
reparación,RPRZN,repair
reposar,RPSR,rest
repetir,RPTR,repeat
ruptura,RPTR,breakup
repetición,RPTZN,repetition
república,RPVLK,republic
republicano,RPVLKN,republican
raro,RR,rare
reír,RR,laugh
rural,RRL,rural
risa,RS,laugh
rosa,RS,rose
ruso,RS,Russian
rosado,RSD,pink
residente,RSDNT,resident
residencia,RSDNZ,residence
residir,RSDR,reside
rasgo,RSG,feature
riesgo,RSG,risk
rascar,RSKR,scratch
rescate,RSKT,rescue
rescatar,RSKTR,rescue
resultado,RSLTD,result
resultar,RSLTR,result
resolver,RSLVR,resolve
resolución,RSLZN,resolution
resumen,RSMN,summary
resumir,RSMR,summarize
respectivamente,RSPKTV,respectively
respaldo,RSPLD,backing
responder,RSPNDR,reply
responsabilidad,RSPNSV,responsibility
responsable,RSPNSV,responsible
respirar,RSPRR,breathe
respiración,RSPRZN,breathing
respuesta,RSPST,answer
respeto,RSPT,respect
respetar,RSPTR,respect
resurrección,RSRRXN,resurrection
reserva,RSRV,reservation
reservado,RSRVD,reserved
reservar,RSRVR,reserve
resistencia,RSSTNZ,resistance
resistir,RSSTR,resist
resto,RST,rest
rastro,RSTR,trail
restar,RSTR,subtract
rostro,RSTR,face
restaurante,RSTRNT,restaurant
restaurar,RSTRR,restore
restricción,RSTRXN,restriction
restauración,RSTRZN,restoration
resbalar,RSVLR,slip
resucitar,RSZTR,revive
rata,RT,rat
rato,RT,while
reto,RT,challenge
roto,RT,broken
ruta,RT,route
ritual,RTL,ritual
ritmo,RTM,rhythm
ratón,RTN,mouse
rutina,RTN,routine
retener,RTNR,retain
retorno,RTRN,return
retornar,RTRNR,return
retirar,RTRR,remove
retraso,RTRS,delay
retrato,RTRT,portrait
retroceder,RTRZDR,retreat
rabia,RV,rage
robo,RV,theft
rubio,RV,blond
rival,RVL,rival
rebelde,RVLD,rebel
rebelión,RVLN,rebellion
revelar,RVLR,reveal
revólver,RVLVR,revolver
revelación,RVLZN,revelation
revolución,RVLZN,revolution
revolucionario,RVLZNR,revolutionary
robar,RVR,steal
revés,RVS,reverse
revisar,RVSR,review
revista,RVST,magazine
reacción,RXN,reaction
reaccionar,RXNR,react
rechazo,RXZ,rejection
rechazar,RXZR,reject
raya,RY,stripe
rayo,RY,ray
rey,RY,king
rollo,RY,roll
raza,RZ,race
raíz,RZ,root
rocío,RZ,dew
razón,RZN,reason
racional,RZNL,rational
reciente,RZNT,recent
recinto,RZNT,enclosure
recientemente,RZNTMN,recently
razonable,RZNVL,reasonable
recepción,RZPZN,reception
rezar,RZR,pray
receta,RZT,recipe
recibir,RZVR,receive
se,S,oneself
si,S,if
su,S,his
sí,S,yes
sed,SD,thirst
seda,SD,silk
sede,SD,headquarters
sudar,SDR,sweat
sudor,SDR,sweat
sofá,SF,sofa
sufrimiento,SFRMNT,suffering
sufrir,SFRR,suffer
software,SFTUR,software
suficiente,SFZNT,sufficient
seguidor,SGDR,follower
siglo,SGL,century
segmento,SGMNT,segment
según,SGN,according
signo,SGN,sign
segundo,SGND,second
significado,SGNFKD,meaning
significar,SGNFKR,mean
siguiente,SGNT,next
seguir,SGR,follow
seguro,SGR,sure
sagrado,SGRD,sacred
seguridad,SGRDD,security
seguramente,SGRMNT,surely
sugerencia,SJRNZ,suggestion
sugerir,SJRR,suggest
sujeto,SJT,subject
sujetar,SJTR,attach
saco,SK,sack
seco,SK,dry
sueco,SK,Swedish
sacudir,SKDR,shake
secundario,SKNDR,secondary
sacar,SKR,take
secar,SKR,dry
sacrificar,SKRFKR,sacrifice
sacrificio,SKRFZ,sacrifice
secreto,SKRT,secret
secretario,SKRTR,secretary
secuestro,SKSTR,kidnapping
sal,SL,salt
sala,SL,hall
sol,SL,sun
solo,SL,alone
suelo,SL,ground
sólo,SL,only
salida,SLD,exit
salud,SLD,health
saludo,SLD,greeting
sueldo,SLD,salary
sólido,SLD,solid
soldado,SLDD,soldier
soledad,SLDD,loneliness
saludar,SLDR,greet
solidaridad,SLDRDD,solidarity
saludable,SLDVL,healthy
solamente,SLMNT,only
salón,SLN,livingroom
silencio,SLNZ,silence
salpicar,SLPKR,splash
salario,SLR,salary
solar,SLR,solar
soler,SLR,usually
salsa,SLS,sauce
salto,SLT,jump
suelto,SLT,loose
saltar,SLTR,jump
soltar,SLTR,letgo
soltero,SLTR,single
saliva,SLV,saliva
salvo,SLV,except
selva,SLV,jungle
salvaje,SLVJ,wild
salvar,SLVR,save
silvestre,SLVSTR,wild
salvación,SLVZN,salvation
selección,SLXN,selection
seleccionar,SLXNR,select
solución,SLZN,solution
solucionar,SLZNR,solve
solicitud,SLZTD,request
suma,SM,sum
semejante,SMJNT,similar
similar,SMLR,similar
semana,SMN,week
semanal,SMNL,weekly
seminario,SMNR,seminar
suministrar,SMNSTR,supply
suministro,SMNSTR,supply
simple,SMPL,simple
simplemente,SMPLMN,simply
siempre,SMPR,always
simpático,SMPTK,nice
sumar,SMR,add
sumergir,SMRJR,submerge
someter,SMTR,subdue
símbolo,SMVL,symbol
sombra,SMVR,shadow
sembrar,SMVRR,sow
sombrero,SMVRR,hat
semilla,SMY,seed
sano,SN,healthy
seno,SN,breast
sin,SN,without
sino,SN,but
senado,SND,senate
sonido,SND,sound
sindicato,SNDKT,union
senador,SNDR,senator
sendero,SNDR,path
síndrome,SNDRM,syndrome
singular,SNGLR,singular
sangre,SNGR,blood
sonar,SNR,sound
sonoro,SNR,sonorous
sonreír,SNRR,smile
sonrisa,SNRS,smile
sensible,SNSVL,sensitive
sensibilidad,SNSVLD,sensitivity
sensación,SNSZN,sensation
santa,SNT,saint
santo,SNT,saint
sentido,SNTD,sense
síntoma,SNTM,symptom
sentimiento,SNTMNT,feeling
sentencia,SNTNZ,sentence
sentenciar,SNTNZR,sentence
sentar,SNTR,seat
sentir,SNTR,feel
síntesis,SNTSS,synthesis
seña,SNY,sign
sueño,SNY,dream
señal,SNYL,signal
señalar,SNYLR,point
señor,SNYR,sir
señora,SNYR,madam
soñar,SNYR,dream
señorita,SNYRT,miss
sancionar,SNZNR,sanction
sincero,SNZR,sincere
sinceramente,SNZRMN,sincerely
sencillo,SNZY,simple
sopa,SP,soup
suplicar,SPLKR,beg
soplar,SPLR,blow
suponer,SPNR,suppose
superficie,SPRFZ,surface
superficial,SPRFZL,superficial
supremo,SPRM,supreme
suprimir,SPRMR,suppress
separar,SPRR,separate
superar,SPRR,overcome
superior,SPRR,superior
soportar,SPRTR,endure
separación,SPRZN,separation
septiembre,SPTMVR,September
ser,SR,be
serie,SR,series
serio,SR,serious
sur,SR,south
sordo,SRD,deaf
seriedad,SRDD,seriousness
sargento,SRJNT,sergeant
surgir,SRJR,arise
sereno,SRN,calm
sirena,SRN,siren
serpiente,SRPNT,snake
sorprendente,SRPRND,surprising
sorprender,SRPRND,surprise
sorpresa,SRPRS,surprise
sierra,SRR,saw
suerte,SRT,luck
servidor,SRVDR,server
servir,SRVR,serve
servicio,SRVZ,service
seis,SS,six
sus,SS,their
sesenta,SSNT,sixty
suspender,SSPNDR,suspend
suspensión,SSPNSN,suspension
suspirar,SSPRR,sigh
sospecha,SSPX,suspicion
sospechar,SSPXR,suspect
susurrar,SSRRR,whisper
siesta,SST,nap
susto,SST,fright
sistema,SSTM,system
sostener,SSTNR,sustain
sustancia,SSTNZ,substance
sustituir,SSTTR,substitute
siete,ST,seven
sitio,ST,site
sutil,STL,subtle
satélite,STLT,satellite
setenta,STNT,seventy
situar,STR,situate
satisfactorio,STSFKT,satisfactory
satisfecho,STSFX,satisfied
satisfacción,STSFXN,satisfaction
satisfacer,STSFZR,satisfy
situación,STZN,situation
sabio,SV,wise
sábado,SVD,Saturday
sabiduría,SVDR,wisdom
sábana,SVN,sheet
saber,SVR,know
sabor,SVR,flavor
severo,SVR,severe
sobre,SVR,about
subir,SVR,go-up
soberanía,SVRN,sovereignty
sobrino,SVRN,nephew
sobrepasar,SVRPSR,surpass
sobrar,SVRR,exceed
sobrevivir,SVRVVR,survive
subrayar,SVRYR,underline
subasta,SVST,auction
subterráneo,SVTRRN,underground
sexo,SX,sex
sexual,SXL,sexual
sección,SXN,section
sexto,SXT,sixth
sello,SY,stamp
silla,SY,chair
suyo,SY,his
sillón,SYN,armchair
sellar,SYR,seal
socio,SZ,partner
sucio,SZ,dirty
suizo,SZ,Swiss
suicidio,SZD,suicide
sociedad,SZDD,society
suceder,SZDR,happen
social,SZL,social
socialismo,SZLSM,socialism
socialista,SZLST,socialist
sacerdote,SZRDT,priest
suceso,SZS,event
sucesor,SZSR,successor
te,T,you
ti,T,you
tu,T,your
té,T,tea
tía,T,aunt
tío,T,uncle
tú,T,you
todo,TD,all
todavía,TDV,still
tigre,TGR,tiger
tejido,TJD,fabric
tejer,TJR,weave
toque,TK,touch
teclado,TKLD,keyboard
técnica,TKNK,technique
técnico,TKNK,technician
tecnología,TKNLJ,technology
tecnológico,TKNLJK,technological
tocar,TKR,touch
tal,TL,such
tela,TL,cloth
tele,TL,television
teléfono,TLFN,telephone
teología,TLJ,theology
talento,TLNT,talent
tolerancia,TLRNZ,tolerance
tolerar,TLRR,tolerate
televisión,TLVSN,television
televisor,TLVSR,TV
tema,TM,topic
toma,TM,taking
tímido,TMD,shy
tamaño,TMNY,size
tiempo,TMP,time
tampoco,TMPK,neither
templo,TMPL,temple
temporada,TMPRD,season
temporal,TMPRL,temporary
temprano,TMPRN,early
temperatura,TMPRTR,temperature
temer,TMR,fear
temor,TMR,fear
tomar,TMR,take
tumor,TMR,tumor
temeroso,TMRS,fearful
tomate,TMT,tomato
tumba,TMV,tomb
temblar,TMVLR,tremble
temblor,TMVLR,tremor
también,TMVN,also
tambor,TMVR,drum
timbre,TMVR,bell
tumbar,TMVR,knockdown
tan,TN,so
tono,TN,tone
tienda,TND,store
tendencia,TNDNZ,tendency
tender,TNDR,stretch
tanque,TNK,tank
túnel,TNL,tunnel
tonelada,TNLD,ton
teniente,TNNT,lieutenant
tener,TNR,have
tenis,TNS,tennis
tensión,TNSN,tension
tanto,TNT,so-much
tinta,TNT,ink
tonto,TNT,fool
tentar,TNTR,tempt
tontería,TNTR,nonsense
tentación,TNTZN,temptation
teñir,TNYR,dye
tapa,TP,lid
tipo,TP,type
típico,TPK,typical
tapar,TPR,cover
tarea,TR,task
teoría,TR,theory
tiro,TR,shot
toro,TR,bull
tarde,TRD,afternoon
tardar,TRDR,delay
traducción,TRDXN,translation
tradición,TRDZN,tradition
tradicional,TRDZNL,traditional
traducir,TRDZR,translate
tarifa,TRF,tariff
tráfico,TRFK,traffic
trago,TRG,sip
tregua,TRG,truce
trigo,TRG,wheat
tragar,TRGR,swallow
traje,TRJ,suit
tragedia,TRJD,tragedy
tarjeta,TRJT,card
teórico,TRK,theoretical
truco,TRK,trick
turco,TRK,Turkish
térmico,TRMK,thermal
término,TRMN,term
terminal,TRMNL,terminal
tormenta,TRMNT,storm
trampa,TRMP,trap
tierno,TRN,tender
torneo,TRN,tournament
tren,TRN,train
trono,TRN,throne
turno,TRN,turn
triunfo,TRNF,triumph
triunfar,TRNFR,succeed
triángulo,TRNGL,triangle
tronco,TRNK,trunk
tranquilo,TRNKL,calm
tranquilidad,TRNKLD,calmness
tranquilizar,TRNKLZ,calm
tornar,TRNR,turn
transferir,TRNSFR,transfer
transformación,TRNSFR,transformation
transformar,TRNSFR,transform
transmisión,TRNSMS,transmission
transmitir,TRNSMT,transmit
transparente,TRNSPR,transparent
transportar,TRNSPR,transport
transporte,TRNSPR,transport
tránsito,TRNST,transit
transitar,TRNSTR,travel
transacción,TRNSXN,transaction
transición,TRNSZN,transition
treinta,TRNT,thirty
tranvía,TRNV,tram
terapia,TRP,therapy
torpe,TRP,clumsy
trapo,TRP,rag
tropical,TRPKL,tropical
trepar,TRPR,climb
tropezar,TRPZR,stumble
tierra,TRR,earth
tirar,TRR,throw
torre,TRR,tower
traer,TRR,bring
terremoto,TRRMT,earthquake
terreno,TRRN,terrain
terror,TRRR,terror
terrorismo,TRRRSM,terrorism
terrorista,TRRRST,terrorist
terrestre,TRRSTR,terrestrial
territorio,TRRTR,territory
territorial,TRRTRL,territorial
terrible,TRRVL,terrible
terraza,TRRZ,terrace
tras,TRS,after
tres,TRS,three
trasladar,TRSLDR,relocate
turismo,TRSM,tourism
trasero,TRSR,backside
triste,TRST,sad
turista,TRST,tourist
tristeza,TRSTZ,sadness
trescientos,TRSZNT,threehundred
trato,TRT,treatment
tratamiento,TRTMNT,treatment
tortura,TRTR,torture
tratar,TRTR,treat
torturar,TRTRR,torture
tribu,TRV,tribe
trabajo,TRVJ,work
trabajador,TRVJDR,worker
trabajar,TRVJR,work
tribunal,TRVNL,court
trayecto,TRYKT,journey
tercio,TRZ,third
trece,TRZ,thirteen
trozo,TRZ,piece
traición,TRZN,treason
traicionar,TRZNR,betray
tercero,TRZR,third
torcer,TRZR,twist
trazar,TRZR,trace
tasa,TS,rate
tos,TS,cough
tus,TS,your
tesoro,TSR,treasure
tesis,TSS,thesis
testigo,TSTG,witness
testimonio,TSTMN,testimony
testamento,TSTMNT,testament
total,TTL,total
título,TTL,title
totalidad,TTLDD,entirety
totalmente,TTLMNT,totally
titular,TTLR,headline
teatro,TTR,theater
tibio,TV,lukewarm
tubo,TV,tube
tabaco,TVK,tobacco
tabla,TVL,board
taxi,TX,taxi
techo,TX,ceiling
talla,TY,size
toalla,TY,towel
tuya,TY,yours
tuyo,TY,yours
taller,TYR,workshop
taza,TZ,cup
hueco,UK,hole
huelga,ULG,strike
último,ULTM,last
humo,UM,smoke
húmedo,UMD,damp
humedad,UMDD,humidity
humilde,UMLD,humble
humildad,UMLDD,humility
humano,UMN,human
humanidad,UMNDD,humanity
humor,UMR,humor
umbral,UMVRL,threshold
humillar,UMYR,humiliate
un,UN,a
una,UN,a
uno,UN,one
unidad,UNDD,unit
hundir,UNDR,sink
uniforme,UNFRM,uniform
único,UNK,unique
unión,UNN,union
unir,UNR,join
unas,UNS,some
unos,UNS,some
universo,UNVRS,universe
universidad,UNVRSD,university
universal,UNVRSL,universal
universitario,UNVRST,university
uña,UNY,fingernail
huir,UR,flee
urgente,URJNT,urgent
urgencia,URJNZ,urgency
hueso,US,bone
uso,US,use
usado,USD,used
huésped,USPD,guest
usar,USR,use
usuario,USR,user
usted,USTD,you
útil,UTL,useful
utilidad,UTLDD,usefulness
utilizar,UTLZR,utilize
utilización,UTLZZN,utilization
huevo,UV,egg
ubicar,UVKR,locate
ubicación,UVKZN,location
huella,UY,footprint
vía,V,route
boda,VD,wedding
vida,VD,life
bodega,VDG,warehouse
vidrio,VDR,glass
vago,VG,lazy
vagar,VGR,wander
biografía,VGRF,biography
bigote,VGT,mustache
bahía,VI,bay
vehículo,VIKL,vehicle
bajo,VJ,low
viaje,VJ,trip
viejo,VJ,old
vigilancia,VJLNZ,surveillance
vigilar,VJLR,monitor
bajar,VJR,lower
viajar,VJR,travel
viajero,VJR,traveler
vegetal,VJTL,vegetable
vegetación,VJTZN,vegetation
vejez,VJZ,oldage
beca,VK,scholarship
boca,VK,mouth
buque,VK,ship
vaca,VK,cow
vacuna,VKN,vaccine
víctima,VKTM,victim
bacteria,VKTR,bacteria
victoria,VKTR,victory
vacaciones,VKZNS,vacation
baile,VL,dance
bala,VL,bullet
bola,VL,ball
vela,VL,candle
velo,VL,veil
vuelo,VL,flight
válido,VLD,valid
vulgar,VLGR,vulgar
biología,VLJ,biology
biológico,VLJK,biological
bloque,VLK,block
balcón,VLKN,balcony
volcán,VLKN,volcano
bloquear,VLKR,block
volcar,VLKR,tip
volumen,VLMN,volume
balón,VLN,ball
violín,VLN,violin
blando,VLND,soft
blanco,VLNK,white
vulnerable,VLNRVL,vulnerable
valiente,VLNT,brave
violento,VLNT,violent
volante,VLNT,steeringwheel
voluntad,VLNTD,will
voluntario,VLNTR,volunteer
balance,VLNZ,balance
violencia,VLNZ,violence
bailar,VLR,dance
valer,VLR,beworth
valor,VLR,value
velar,VLR,stayawake
violar,VLR,violate
volar,VLR,fly
bailarín,VLRN,dancer
valorar,VLRR,value
bolsa,VLS,bag
bolso,VLS,handbag
valioso,VLS,valuable
bolsillo,VLSY,pocket
vuelta,VLT,return
boliviano,VLVN,Bolivian
volver,VLVR,return
veloz,VLZ,fast
velocidad,VLZDD,speed
violación,VLZN,rape
vamos,VMS,let'sgo
bomba,VMV,bomb
bombero,VMVR,firefighter
bien,VN,well
bueno,VN,good
vano,VN,vain
vena,VN,vein
vino,VN,wine
banda,VND,band
bondad,VNDD,goodness
vendedor,VNDDR,seller
bandeja,VNDJ,tray
bandera,VNDR,flag
vender,VNDR,sell
bendición,VNDZN,blessing
bendecir,VNDZR,bless
beneficio,VNFZ,benefit
venganza,VNGNZ,revenge
vengar,VNGR,avenge
banco,VNK,bank
veneno,VNN,poison
venir,VNR,come
bienestar,VNSTR,wellbeing
bonito,VNT,pretty
veinte,VNT,twenty
venta,VNT,sale
viento,VNT,wind
ventaja,VNTJ,advantage
veinticuatro,VNTKTR,twentyfour
ventana,VNTN,window
ventanilla,VNTNY,window
vientre,VNTR,belly
veinticinco,VNTZNK,twentyfive
bienvenida,VNVND,welcome
bienvenido,VNVND,welcome
baño,VNY,bath
bañar,VNYR,bathe
venezolano,VNZLN,Venezuelan
vencer,VNZR,overcome
vapor,VPR,steam
bar,VR,bar
ver,VR,see
borde,VRD,edge
verde,VRD,green
variedad,VRDD,variety
verdad,VRDD,truth
verdadero,VRDDR,true
bordar,VRDR,embroider
verdura,VRDR,vegetable
verificar,VRFKR,verify
bruja,VRJ,witch
virgen,VRJN,virgin
barco,VRK,ship
burla,VRL,mockery
burlar,VRLR,mock
broma,VRM,joke
varón,VRN,male
verano,VRN,summer
brindar,VRNDR,offer
viernes,VRNS,Friday
bronce,VRNZ,bronze
barra,VRR,bar
barrio,VRR,neighborhood
barro,VRR,mud
burro,VRR,donkey
variar,VRR,vary
barroco,VRRK,baroque
barrer,VRRR,sweep
borrar,VRRR,erase
borracho,VRRX,drunk
brisa,VRS,breeze
verso,VRS,verse
virus,VRS,virus
brasileño,VRSLNY,Brazilian
versión,VRSN,version
barato,VRT,cheap
bruto,VRT,gross
virtud,VRTD,virtue
vertical,VRTKL,vertical
brutal,VRTL,brutal
brotar,VRTR,sprout
verter,VRTR,pour
vergüenza,VRUNZ,shame
barba,VRV,beard
bravo,VRV,fierce
breve,VRV,brief
verbo,VRV,verb
burbuja,VRVJ,bubble
variable,VRVL,variable
verbal,VRVL,verbal
bárbaro,VRVR,barbarian
barbaridad,VRVRDD,outrage
brillo,VRY,shine
brillante,VRYNT,brilliant
brillar,VRYR,shine
brazo,VRZ,arm
base,VS,base
beso,VS,kiss
vaso,VS,glass
vos,VS,you
bosque,VSK,forest
busca,VSK,search
búsqueda,VSKD,search
visual,VSL,visual
visión,VSN,vision
víspera,VSPR,eve
basar,VSR,base
basura,VSR,garbage
besar,VSR,kiss
bestia,VST,beast
vasto,VST,vast
visita,VST,visit
vista,VST,view
vestido,VSTD,dress
bastante,VSTNT,enough
visitante,VSTNT,visitor
bastar,VSTR,suffice
visitar,VSTR,visit
vuestro,VSTR,your
vosotros,VSTRS,you
visible,VSVL,visible
bota,VT,boot
bote,VT,boat
voto,VT,vote
vital,VTL,vital
vitamina,VTMN,vitamin
botón,VTN,button
batería,VTR,battery
batir,VTR,beat
votar,VTR,vote
batalla,VTY,battle
botella,VTY,bottle
votación,VTZN,voting
bautizar,VTZR,baptize
bebé,VV,baby
vivo,VV,alive
bebida,VVD,drink
bóveda,VVD,vault
biblioteca,VVLTK,library
vivienda,VVND,housing
beber,VVR,drink
vivir,VVR,live
vibrar,VVRR,vibrate
vibración,VVRZN,vibration
bicho,VX,bug
bachillerato,VXYRT,highschool
bello,VY,beautiful
buey,VY,ox
valle,VY,valley
villa,VY,villa
ballet,VYT,ballet
billete,VYT,ticket
belleza,VYZ,beauty
vacío,VZ,empty
vez,VZ,time
vicio,VZ,vice
voz,VZ,voice
bicicleta,VZKLT,bicycle
vacilar,VZLR,hesitate
vecino,VZN,neighbor
vaciar,VZR,empty
cheque,XK,check
chica,XK,girl
chico,XK,boy
choque,XK,crash
chocolate,XKLT,chocolate
chocar,XKR,crash
chaqueta,XKT,jacket
chileno,XLN,Chilean
chimenea,XMN,chimney
chino,XN,Chinese
chupar,XPR,suck
charco,XRK,puddle
charla,XRL,chat
charlar,XRLR,chat
chorro,XRR,stream
chispa,XSP,spark
chiste,XST,joke
y,Y,and
ya,Y,already
yo,Y,I
llegada,YGD,arrival
llegar,YGR,arrive
llama,YM,flame
llamada,YMD,call
llamado,YMD,call
llamar,YMR,call
llano,YN,plain
lleno,YN,full
llenar,YNR,fill
llanto,YNT,crying
llave,YV,key
lluvia,YV,rain
llevar,YVR,carry
llover,YVR,rain
yacimiento,YZMNT,deposit
yacer,YZR,lie
ciudad,ZDD,city
ciudadano,ZDDN,citizen
ciudadanía,ZDDN,citizenship
ceder,ZDR,yield
cifra,ZFR,figure
ciego,ZG,blind
cigarro,ZGRR,cigar
cigarrillo,ZGRRY,cigarette
ceja,ZJ,eyebrow
ciclo,ZKL,cycle
cicatriz,ZKTRZ,scar
celo,ZL,zeal
cielo,ZL,sky
celda,ZLD,cell
célula,ZLL,cell
celeste,ZLST,skyblue
célebre,ZLVR,famous
celebrar,ZLVRR,celebrate
celebración,ZLVRZN,celebration
cima,ZM,summit
cemento,ZMNT,cement
cementerio,ZMNTR,cemetery
cena,ZN,dinner
cine,ZN,cinema
zona,ZN,zone
cinco,ZNK,five
cincuenta,ZNKNT,fifty
cenar,ZNR,dine
censura,ZNSR,censorship
ciento,ZNT,hundred
cinta,ZNT,ribbon
científico,ZNTFK,scientist
centímetro,ZNTMTR,centimeter
centro,ZNTR,center
cintura,ZNTR,waist
central,ZNTRL,central
cinturón,ZNTRN,belt
centrar,ZNTRR,center
ceniza,ZNZ,ash
ciencia,ZNZ,science
zapato,ZPT,shoe
zapatilla,ZPTY,slipper
cero,ZR,zero
cerdo,ZRD,pig
cirugía,ZRJ,surgery
cerca,ZRK,near
circo,ZRK,circus
círculo,ZRKL,circle
circular,ZRKLR,circular
circulación,ZRKLZN,circulation
cercano,ZRKN,nearby
circunstancia,ZRKNST,circumstance
cerámica,ZRMK,ceramic
ceremonia,ZRMN,ceremony
cerro,ZRR,hill
cierre,ZRR,closure
cerrado,ZRRD,closed
cerrar,ZRRR,close
cierto,ZRT,certain
certificado,ZRTFKD,certificate
certeza,ZRTZ,certainty
cerebro,ZRVR,brain
cerebral,ZRVRL,cerebral
cerveza,ZRVZ,beer
cesar,ZSR,cease
cita,ZT,appointment
citar,ZTR,quote
civil,ZVL,civil
civilización,ZVLZZN,civilization
